-- phpMyAdmin SQL Dump
-- version 4.9.7
-- https://www.phpmyadmin.net/
--
-- Hôte : 127.0.0.1:3306
-- Généré le : mar. 10 oct. 2023 à 15:37
-- Version du serveur :  5.7.36
-- Version de PHP : 5.6.40

SET SQL_MODE = "NO_AUTO_VALUE_ON_ZERO";
SET AUTOCOMMIT = 0;
START TRANSACTION;
SET time_zone = "+00:00";


/*!40101 SET @OLD_CHARACTER_SET_CLIENT=@@CHARACTER_SET_CLIENT */;
/*!40101 SET @OLD_CHARACTER_SET_RESULTS=@@CHARACTER_SET_RESULTS */;
/*!40101 SET @OLD_COLLATION_CONNECTION=@@COLLATION_CONNECTION */;
/*!40101 SET NAMES utf8mb4 */;

--
-- Base de données : `jp_flashcard`
--

-- --------------------------------------------------------

--
-- Structure de la table `daily_stats`
--

DROP TABLE IF EXISTS `daily_stats`;
CREATE TABLE IF NOT EXISTS `daily_stats` (
  `id` int(11) NOT NULL AUTO_INCREMENT,
  `deck_id` int(11) NOT NULL,
  `date` datetime NOT NULL COMMENT '(DC2Type:datetime_immutable)',
  `flashcards_reviewed` smallint(6) NOT NULL,
  `correct_answers` smallint(6) DEFAULT NULL,
  PRIMARY KEY (`id`),
  KEY `IDX_D766067E111948DC` (`deck_id`)
) ENGINE=InnoDB AUTO_INCREMENT=327 DEFAULT CHARSET=utf8mb4 COLLATE=utf8mb4_unicode_ci;

--
-- Déchargement des données de la table `daily_stats`
--

INSERT INTO `daily_stats` (`id`, `deck_id`, `date`, `flashcards_reviewed`, `correct_answers`) VALUES
(258, 327, '2017-12-16 00:00:00', 56, 2),
(259, 328, '2011-03-18 00:00:00', 30, 21),
(260, 291, '2011-10-19 00:00:00', 26, 14),
(261, 330, '2019-08-11 00:00:00', 77, 73),
(262, 290, '2023-02-28 00:00:00', 82, 26),
(263, 297, '2003-06-25 00:00:00', 86, 19),
(264, 308, '2013-06-14 00:00:00', 12, 6),
(265, 305, '2006-07-17 00:00:00', 5, 3),
(266, 289, '2021-02-24 00:00:00', 99, 76),
(267, 330, '2013-05-25 00:00:00', 93, 26),
(268, 297, '2007-02-12 00:00:00', 40, 14),
(269, 330, '2019-06-03 00:00:00', 80, 53),
(270, 293, '2023-11-19 00:00:00', 34, 1),
(271, 313, '2003-12-18 00:00:00', 9, 3),
(272, 321, '2021-01-01 00:00:00', 14, 1),
(273, 304, '2023-10-17 00:00:00', 47, 34),
(274, 298, '2013-12-04 00:00:00', 7, 2),
(275, 333, '2007-01-23 00:00:00', 48, 7),
(276, 306, '2006-06-06 00:00:00', 64, 56),
(277, 325, '2001-02-27 00:00:00', 11, 0),
(278, 333, '2022-12-22 00:00:00', 97, 43),
(279, 314, '2014-08-09 00:00:00', 97, 80),
(280, 324, '2021-09-27 00:00:00', 71, 2),
(281, 326, '2012-03-22 00:00:00', 35, 18),
(282, 327, '2022-09-01 00:00:00', 91, 3),
(283, 311, '2002-11-21 00:00:00', 68, 40),
(284, 307, '2020-09-12 00:00:00', 54, 12),
(285, 291, '2009-06-24 00:00:00', 60, 28),
(286, 318, '2014-10-02 00:00:00', 72, 55),
(287, 306, '2000-08-12 00:00:00', 10, 9),
(288, 294, '2011-09-12 00:00:00', 46, 22),
(289, 319, '2023-01-16 00:00:00', 23, 16),
(290, 292, '2018-02-23 00:00:00', 17, 12),
(291, 333, '2011-10-01 00:00:00', 66, 59),
(292, 330, '2016-01-27 00:00:00', 19, 7),
(293, 324, '2008-02-15 00:00:00', 96, 25),
(294, 306, '2003-04-15 00:00:00', 55, 50),
(295, 328, '2014-11-16 00:00:00', 9, 1),
(296, 317, '2004-12-24 00:00:00', 72, 21),
(297, 294, '2022-11-21 00:00:00', 82, 4),
(298, 316, '2006-02-15 00:00:00', 14, 10),
(299, 336, '2009-02-04 00:00:00', 65, 12),
(300, 317, '2021-01-24 00:00:00', 1, 0),
(301, 309, '2020-12-12 00:00:00', 7, 7),
(302, 322, '2011-02-25 00:00:00', 36, 13),
(303, 299, '2016-03-23 00:00:00', 12, 2),
(304, 291, '2010-08-23 00:00:00', 38, 36),
(305, 309, '2007-10-23 00:00:00', 95, 89),
(306, 290, '2016-10-21 00:00:00', 30, 21),
(307, 317, '2004-06-26 00:00:00', 32, 4),
(309, 319, '2023-10-08 21:06:57', 1, NULL),
(314, 352, '2023-10-09 12:54:20', 33, 24),
(315, 353, '2023-10-09 12:54:46', 18, 14),
(316, 354, '2023-10-09 12:55:09', 19, 15),
(318, 352, '2023-10-10 07:43:52', 18, 16),
(319, 358, '2023-10-10 07:47:05', 28, 25),
(320, 353, '2023-10-10 07:48:12', 5, 5),
(321, 354, '2023-10-10 07:48:22', 7, 7),
(326, 363, '2023-10-10 08:15:31', 17, 12);

-- --------------------------------------------------------

--
-- Structure de la table `deck`
--

DROP TABLE IF EXISTS `deck`;
CREATE TABLE IF NOT EXISTS `deck` (
  `id` int(11) NOT NULL AUTO_INCREMENT,
  `name` varchar(40) COLLATE utf8mb4_unicode_ci NOT NULL,
  `public` tinyint(1) DEFAULT NULL,
  `user_id` int(11) NOT NULL,
  `description` longtext COLLATE utf8mb4_unicode_ci,
  `created_at` datetime NOT NULL COMMENT '(DC2Type:datetime_immutable)',
  `updated_at` datetime DEFAULT NULL COMMENT '(DC2Type:datetime_immutable)',
  PRIMARY KEY (`id`),
  KEY `IDX_4FAC3637A76ED395` (`user_id`)
) ENGINE=InnoDB AUTO_INCREMENT=368 DEFAULT CHARSET=utf8mb4 COLLATE=utf8mb4_unicode_ci;

--
-- Déchargement des données de la table `deck`
--

INSERT INTO `deck` (`id`, `name`, `public`, `user_id`, `description`, `created_at`, `updated_at`) VALUES
(289, 'Deck 0', 0, 123, 'Description0', '2023-10-07 18:03:02', '2023-10-07 18:03:02'),
(290, 'Deck 1', 1, 139, 'Description1', '2023-10-07 18:03:02', '2023-10-07 18:03:02'),
(291, 'Deck 2', 1, 124, 'Description2', '2023-10-07 18:03:02', '2023-10-07 18:03:02'),
(292, 'Deck 3', 1, 136, 'Description3', '2023-10-07 18:03:02', '2023-10-07 18:03:02'),
(293, 'Deck 4', 1, 128, 'Description4', '2023-10-07 18:03:02', '2023-10-07 18:03:02'),
(294, 'Deck 5', 1, 134, 'Description5', '2023-10-07 18:03:02', '2023-10-07 18:03:02'),
(295, 'Deck 6', 1, 124, 'Description6', '2023-10-07 18:03:02', '2023-10-07 18:03:02'),
(296, 'Deck 7', 0, 135, 'Description7', '2023-10-07 18:03:02', '2023-10-07 18:03:02'),
(297, 'Deck 8', 0, 133, 'Description8', '2023-10-07 18:03:02', '2023-10-07 18:03:02'),
(298, 'Deck 9', 1, 130, 'Description9', '2023-10-07 18:03:02', '2023-10-07 18:03:02'),
(299, 'Deck 10', 0, 141, 'Description10', '2023-10-07 18:03:02', '2023-10-07 18:03:02'),
(300, 'Deck 11', 0, 129, 'Description11', '2023-10-07 18:03:02', '2023-10-07 18:03:02'),
(302, 'Deck 13', 0, 128, 'Description13', '2023-10-07 18:03:02', '2023-10-07 18:03:02'),
(303, 'Deck 14', 1, 124, 'Description14', '2023-10-07 18:03:02', '2023-10-07 18:03:02'),
(304, 'Deck 15', 0, 130, 'Description15', '2023-10-07 18:03:02', '2023-10-07 18:03:02'),
(305, 'Deck 16', 1, 133, 'Description16', '2023-10-07 18:03:02', '2023-10-07 18:03:02'),
(306, 'Deck 17', 1, 124, 'Description17', '2023-10-07 18:03:02', '2023-10-07 18:03:02'),
(307, 'Deck 18', 0, 127, 'Description18', '2023-10-07 18:03:02', '2023-10-07 18:03:02'),
(308, 'Deck 19', 0, 134, 'Description19', '2023-10-07 18:03:02', '2023-10-07 18:03:02'),
(309, 'Deck 20', 0, 131, 'Description20', '2023-10-07 18:03:02', '2023-10-07 18:03:02'),
(310, 'Deck 21', 1, 130, 'Description21', '2023-10-07 18:03:02', '2023-10-07 18:03:02'),
(311, 'Deck 22', 1, 129, 'Description22', '2023-10-07 18:03:02', '2023-10-07 18:03:02'),
(312, 'Deck 23', 0, 139, 'Description23', '2023-10-07 18:03:02', '2023-10-07 18:03:02'),
(313, 'Deck 24', 1, 127, 'Description24', '2023-10-07 18:03:02', '2023-10-07 18:03:02'),
(314, 'Deck 25', 1, 140, 'Description25', '2023-10-07 18:03:02', '2023-10-07 18:03:02'),
(315, 'Deck 26', 1, 139, 'Description26', '2023-10-07 18:03:02', '2023-10-07 18:03:02'),
(316, 'Deck 27', 1, 123, 'Description27', '2023-10-07 18:03:02', '2023-10-07 18:03:02'),
(317, 'Deck 28', 1, 141, 'Description28', '2023-10-07 18:03:02', '2023-10-07 18:03:02'),
(318, 'Deck 29', 0, 127, 'Description29', '2023-10-07 18:03:02', '2023-10-07 18:03:02'),
(319, 'Deck modifier nom ', 0, 142, 'Description30 modifier description', '2023-10-07 18:03:02', '2023-10-08 17:43:52'),
(320, 'Deck 31', 0, 141, 'Description31', '2023-10-07 18:03:02', '2023-10-07 18:03:02'),
(321, 'Deck 32', 0, 141, 'Description32', '2023-10-07 18:03:02', '2023-10-07 18:03:02'),
(322, 'Deck 33', 1, 138, 'Description33', '2023-10-07 18:03:02', '2023-10-07 18:03:02'),
(323, 'Deck 34', 1, 136, 'Description34', '2023-10-07 18:03:02', '2023-10-07 18:03:02'),
(324, 'Deck 35', 0, 124, 'Description35', '2023-10-07 18:03:02', '2023-10-07 18:03:02'),
(325, 'Deck 36', 1, 137, 'Description36', '2023-10-07 18:03:02', '2023-10-07 18:03:02'),
(326, 'Deck 37', 0, 123, 'Description37', '2023-10-07 18:03:02', '2023-10-07 18:03:02'),
(327, 'Deck 38', 0, 126, 'Description38', '2023-10-07 18:03:02', '2023-10-07 18:03:02'),
(328, 'Deck 39', 0, 129, 'Description39', '2023-10-07 18:03:02', '2023-10-07 18:03:02'),
(329, 'Deck 40', 0, 136, 'Description40', '2023-10-07 18:03:02', '2023-10-07 18:03:02'),
(330, 'Deck 41', 1, 140, 'Description41', '2023-10-07 18:03:02', '2023-10-07 18:03:02'),
(331, 'Deck 42', 1, 127, 'Description42', '2023-10-07 18:03:02', '2023-10-07 18:03:02'),
(332, 'Deck 43', 0, 130, 'Description43', '2023-10-07 18:03:02', '2023-10-07 18:03:02'),
(333, 'Deck 44', 0, 123, 'Description44', '2023-10-07 18:03:02', '2023-10-07 18:03:02'),
(334, 'Deck 45', 1, 123, 'Description45', '2023-10-07 18:03:02', '2023-10-07 18:03:02'),
(335, 'Deck 46', 0, 129, 'Description46', '2023-10-07 18:03:02', '2023-10-07 18:03:02'),
(336, 'Deck 47', 0, 125, 'Description47', '2023-10-07 18:03:02', '2023-10-07 18:03:02'),
(337, 'Deck 48', 1, 125, 'Description48', '2023-10-07 18:03:02', '2023-10-07 18:03:02'),
(338, 'Deck 49', 1, 135, 'Description49', '2023-10-07 18:03:02', '2023-10-07 18:03:02'),
(352, 'Minna no nihongo', 1, 143, 'Point de grammaire des livres Minna no nihongo', '2023-10-09 11:39:47', '2023-10-09 11:39:47'),
(353, 'Kaguya Hime', 1, 143, 'Vocabulaire du livre La princesse Kaguya', '2023-10-09 11:48:32', '2023-10-09 11:56:55'),
(354, 'Orion', 1, 143, 'Kanji et vocabulaire de la chanson Orion', '2023-10-09 11:57:22', '2023-10-09 11:57:22'),
(358, 'Minna no nihongo', 0, 144, 'Point de grammaire des livres Minna no nihongo', '2023-10-10 07:46:52', '2023-10-10 07:46:52'),
(363, 'test supression', 0, 144, 'tes', '2023-10-10 08:12:14', '2023-10-10 08:12:14'),
(365, 'test', 1, 145, 'ytr', '2023-10-10 08:50:28', '2023-10-10 08:50:28');

-- --------------------------------------------------------

--
-- Structure de la table `doctrine_migration_versions`
--

DROP TABLE IF EXISTS `doctrine_migration_versions`;
CREATE TABLE IF NOT EXISTS `doctrine_migration_versions` (
  `version` varchar(191) COLLATE utf8_unicode_ci NOT NULL,
  `executed_at` datetime DEFAULT NULL,
  `execution_time` int(11) DEFAULT NULL,
  PRIMARY KEY (`version`)
) ENGINE=InnoDB DEFAULT CHARSET=utf8 COLLATE=utf8_unicode_ci;

--
-- Déchargement des données de la table `doctrine_migration_versions`
--

INSERT INTO `doctrine_migration_versions` (`version`, `executed_at`, `execution_time`) VALUES
('DoctrineMigrations\\Version20230814163523', '2023-08-14 16:35:39', 12),
('DoctrineMigrations\\Version20230815081556', '2023-08-15 08:20:29', 22),
('DoctrineMigrations\\Version20230815103736', '2023-08-15 10:37:58', 12),
('DoctrineMigrations\\Version20230815104303', '2023-08-15 10:43:11', 34),
('DoctrineMigrations\\Version20230815104738', '2023-08-15 10:47:42', 33),
('DoctrineMigrations\\Version20230815104902', '2023-08-15 10:49:06', 57),
('DoctrineMigrations\\Version20230815110202', '2023-08-15 11:02:06', 46),
('DoctrineMigrations\\Version20230815112122', '2023-08-15 11:21:27', 31),
('DoctrineMigrations\\Version20230815113016', '2023-08-15 11:30:19', 19),
('DoctrineMigrations\\Version20230815132021', '2023-08-15 13:20:26', 34),
('DoctrineMigrations\\Version20230815171126', '2023-08-15 17:11:33', 153),
('DoctrineMigrations\\Version20230820131435', '2023-08-20 13:15:29', 133),
('DoctrineMigrations\\Version20230903142926', '2023-09-03 14:29:47', 68),
('DoctrineMigrations\\Version20230904172618', '2023-09-04 17:26:28', 28),
('DoctrineMigrations\\Version20230905163958', '2023-09-05 16:40:09', 62),
('DoctrineMigrations\\Version20230909095613', '2023-09-09 09:56:22', 73),
('DoctrineMigrations\\Version20230909100024', '2023-09-09 10:00:28', 24),
('DoctrineMigrations\\Version20230909153520', '2023-09-09 15:35:28', 73),
('DoctrineMigrations\\Version20230910150410', '2023-09-10 15:04:17', 81),
('DoctrineMigrations\\Version20230914080244', '2023-09-14 08:02:57', 79),
('DoctrineMigrations\\Version20230914080410', '2023-09-14 08:04:15', 20),
('DoctrineMigrations\\Version20230914084619', '2023-09-14 08:46:25', 13),
('DoctrineMigrations\\Version20230914085057', '2023-09-14 08:51:01', 12),
('DoctrineMigrations\\Version20230914094656', '2023-09-14 09:50:12', 100),
('DoctrineMigrations\\Version20230914094855', '2023-09-14 09:53:30', 4),
('DoctrineMigrations\\Version20230918172548', '2023-09-18 17:25:59', 187),
('DoctrineMigrations\\Version20231005184030', '2023-10-05 18:40:45', 99),
('DoctrineMigrations\\Version20231005194730', '2023-10-05 19:47:36', 140),
('DoctrineMigrations\\Version20231006102341', '2023-10-06 10:23:52', 16);

-- --------------------------------------------------------

--
-- Structure de la table `flashcard`
--

DROP TABLE IF EXISTS `flashcard`;
CREATE TABLE IF NOT EXISTS `flashcard` (
  `id` int(11) NOT NULL AUTO_INCREMENT,
  `front` varchar(255) COLLATE utf8mb4_unicode_ci NOT NULL,
  `furigana` varchar(255) COLLATE utf8mb4_unicode_ci DEFAULT NULL,
  `example` varchar(255) COLLATE utf8mb4_unicode_ci NOT NULL,
  `type` varchar(255) COLLATE utf8mb4_unicode_ci NOT NULL,
  `created_at` datetime NOT NULL COMMENT '(DC2Type:datetime_immutable)',
  `duplicate` tinyint(1) DEFAULT NULL,
  `updated_at` datetime DEFAULT NULL COMMENT '(DC2Type:datetime_immutable)',
  `side` varchar(10) COLLATE utf8mb4_unicode_ci DEFAULT NULL,
  `reverse` tinyint(1) DEFAULT NULL,
  `back` varchar(255) COLLATE utf8mb4_unicode_ci NOT NULL,
  PRIMARY KEY (`id`)
) ENGINE=InnoDB AUTO_INCREMENT=1565 DEFAULT CHARSET=utf8mb4 COLLATE=utf8mb4_unicode_ci;

--
-- Déchargement des données de la table `flashcard`
--

INSERT INTO `flashcard` (`id`, `front`, `furigana`, `example`, `type`, `created_at`, `duplicate`, `updated_at`, `side`, `reverse`, `back`) VALUES
(1254, 'Back 0', 'Furigana 0', 'Example 0', 'kanji', '2023-10-07 18:03:02', 0, '2023-10-07 18:03:02', NULL, 1, 'Back 0'),
(1255, 'Front 0', 'Furigana 0', 'Example 0', 'kanji', '2023-10-07 18:03:02', 0, '2023-10-07 18:03:02', NULL, 1, 'Back 0'),
(1256, 'Front 1', 'Furigana 1', 'Example 1', 'kanji', '2023-10-07 18:03:02', 1, '2023-10-07 18:03:02', NULL, 0, 'Back 1'),
(1257, 'Back 2', 'Furigana 2', 'Example 2', 'kanji', '2023-10-07 18:03:02', 0, '2023-10-07 18:03:02', NULL, 1, 'Back 2'),
(1258, 'Front 2', 'Furigana 2', 'Example 2', 'kanji', '2023-10-07 18:03:02', 1, '2023-10-07 18:03:02', NULL, 1, 'Back 2'),
(1259, 'Back 3', 'Furigana 3', 'Example 3', 'kanji', '2023-10-07 18:03:02', 0, '2023-10-07 18:03:02', NULL, 1, 'Back 3'),
(1261, 'Front 4', 'Furigana 4', 'Example 4', 'kanji', '2023-10-07 18:03:02', 1, '2023-10-07 18:03:02', NULL, 0, 'Back 4'),
(1262, 'Front 5', 'Furigana 5', 'Example 5', 'kanji', '2023-10-07 18:03:02', 1, '2023-10-07 18:03:02', NULL, 0, 'Back 5'),
(1263, 'Front 6', 'Furigana 6', 'Example 6', 'kanji', '2023-10-07 18:03:02', 0, '2023-10-07 18:03:02', NULL, 0, 'Back 6'),
(1264, 'Front 7', 'Furigana 7', 'Example 7', 'kanji', '2023-10-07 18:03:02', 1, '2023-10-07 18:03:02', NULL, 0, 'Back 7'),
(1265, 'Back 8', 'Furigana 8', 'Example 8', 'kanji', '2023-10-07 18:03:02', 0, '2023-10-07 18:03:02', NULL, 1, 'Back 8'),
(1266, 'Front 8', 'Furigana 8', 'Example 8', 'kanji', '2023-10-07 18:03:02', 0, '2023-10-07 18:03:02', NULL, 1, 'Back 8'),
(1267, 'Front 9', 'Furigana 9', 'Example 9', 'kanji', '2023-10-07 18:03:02', 0, '2023-10-07 18:03:02', NULL, 0, 'Back 9'),
(1268, 'Front 10', 'Furigana 10', 'Example 10', 'kanji', '2023-10-07 18:03:02', 0, '2023-10-07 18:03:02', NULL, 0, 'Back 10'),
(1269, 'Back 11', 'Furigana 11', 'Example 11', 'kanji', '2023-10-07 18:03:02', 0, '2023-10-07 18:03:02', NULL, 1, 'Back 11'),
(1270, 'Front 11', 'Furigana 11', 'Example 11', 'kanji', '2023-10-07 18:03:02', 1, '2023-10-07 18:03:02', NULL, 1, 'Back 11'),
(1271, 'Back 12', 'Furigana 12', 'Example 12', 'kanji', '2023-10-07 18:03:02', 0, '2023-10-07 18:03:02', NULL, 1, 'Back 12'),
(1272, 'Front 12', 'Furigana 12', 'Example 12', 'kanji', '2023-10-07 18:03:02', 1, '2023-10-07 18:03:02', NULL, 1, 'Back 12'),
(1273, 'Back 13', 'Furigana 13', 'Example 13', 'kanji', '2023-10-07 18:03:02', 0, '2023-10-07 18:03:02', NULL, 1, 'Back 13'),
(1274, 'Front 13', 'Furigana 13', 'Example 13', 'kanji', '2023-10-07 18:03:02', 1, '2023-10-07 18:03:02', NULL, 1, 'Back 13'),
(1275, 'Front 14', 'Furigana 14', 'Example 14', 'kanji', '2023-10-07 18:03:02', 0, '2023-10-07 18:03:02', NULL, 0, 'Back 14'),
(1276, 'Front 15', 'Furigana 15', 'Example 15', 'kanji', '2023-10-07 18:03:02', 1, '2023-10-07 18:03:02', NULL, 0, 'Back 15'),
(1278, 'Back 17', 'Furigana 17', 'Example 17', 'kanji', '2023-10-07 18:03:02', 0, '2023-10-07 18:03:02', NULL, 1, 'Back 17'),
(1279, 'Front 17', 'Furigana 17', 'Example 17', 'kanji', '2023-10-07 18:03:02', 1, '2023-10-07 18:03:02', NULL, 1, 'Back 17'),
(1281, 'Front 19', 'Furigana 19', 'Example 19', 'kanji', '2023-10-07 18:03:02', 1, '2023-10-07 18:03:02', NULL, 0, 'Back 19'),
(1282, 'Front 20', 'Furigana 20', 'Example 20', 'kanji', '2023-10-07 18:03:02', 0, '2023-10-07 18:03:02', NULL, 0, 'Back 20'),
(1284, 'Back 21 modifddeeddmdddd', 'Furigana 21', 'Furigana 21', 'kanji', '2023-10-07 18:03:02', 0, '2023-10-09 09:37:04', NULL, 1, 'Back 21]^))'),
(1285, 'Back 22', 'Furigana 22', 'Example 22', 'kanji', '2023-10-07 18:03:02', 0, '2023-10-07 18:03:02', NULL, 1, 'Back 22'),
(1286, 'Front 22', 'Furigana 22', 'Example 22', 'kanji', '2023-10-07 18:03:02', 0, '2023-10-07 18:03:02', NULL, 1, 'Back 22'),
(1287, 'Back 23', 'Furigana 23', 'Example 23', 'kanji', '2023-10-07 18:03:02', 0, '2023-10-07 18:03:02', NULL, 1, 'Back 23'),
(1288, 'Front 23', 'Furigana 23', 'Example 23', 'kanji', '2023-10-07 18:03:02', 0, '2023-10-07 18:03:02', NULL, 1, 'Back 23'),
(1289, 'Front 24', 'Furigana 24', 'Example 24', 'kanji', '2023-10-07 18:03:02', 1, '2023-10-07 18:03:02', NULL, 0, 'Back 24'),
(1290, 'Back 25', 'Furigana 25', 'Example 25', 'kanji', '2023-10-07 18:03:02', 0, '2023-10-07 18:03:02', NULL, 1, 'Back 25'),
(1291, 'Front 25', 'Furigana 25', 'Example 25', 'kanji', '2023-10-07 18:03:02', 0, '2023-10-07 18:03:02', NULL, 1, 'Back 25'),
(1292, 'Back 26', 'Furigana 26', 'Example 26', 'kanji', '2023-10-07 18:03:02', 1, '2023-10-08 18:15:22', NULL, 1, 'Back 26'),
(1293, 'Front 26', 'Furigana 26', 'Example 26', 'kanji', '2023-10-07 18:03:02', 1, '2023-10-08 18:15:22', NULL, 1, 'Back 26'),
(1294, 'Back 27', 'Furigana 27', 'Example 27', 'kanji', '2023-10-07 18:03:02', 0, '2023-10-07 18:03:02', NULL, 1, 'Back 27'),
(1295, 'Front 27', 'Furigana 27', 'Example 27', 'kanji', '2023-10-07 18:03:02', 1, '2023-10-07 18:03:02', NULL, 1, 'Back 27'),
(1296, 'Back 28', 'Furigana 28', 'Example 28', 'kanji', '2023-10-07 18:03:02', 0, '2023-10-07 18:03:02', NULL, 1, 'Back 28'),
(1297, 'Front 28', 'Furigana 28', 'Example 28', 'kanji', '2023-10-07 18:03:02', 1, '2023-10-07 18:03:02', NULL, 1, 'Back 28'),
(1298, 'Front 29', 'Furigana 29', 'Example 29', 'kanji', '2023-10-07 18:03:02', 1, '2023-10-07 18:03:02', NULL, 0, 'Back 29'),
(1299, 'Back 30', 'Furigana 30', 'Example 30', 'kanji', '2023-10-07 18:03:02', 0, '2023-10-07 18:03:02', NULL, 1, 'Back 30'),
(1300, 'Front 30', 'Furigana 30', 'Example 30', 'kanji', '2023-10-07 18:03:02', 0, '2023-10-07 18:03:02', NULL, 1, 'Back 30'),
(1301, 'Front 31', 'Furigana 31', 'Example 31', 'kanji', '2023-10-07 18:03:02', 0, '2023-10-07 18:03:02', NULL, 0, 'Back 31'),
(1302, 'Back 32', 'Furigana 32', 'Example 32', 'kanji', '2023-10-07 18:03:02', 0, '2023-10-07 18:03:02', NULL, 1, 'Back 32'),
(1303, 'Front 32', 'Furigana 32', 'Example 32', 'kanji', '2023-10-07 18:03:02', 0, '2023-10-07 18:03:02', NULL, 1, 'Back 32'),
(1304, 'Front 33', 'Furigana 33', 'Example 33', 'kanji', '2023-10-07 18:03:02', 1, '2023-10-08 18:15:22', NULL, 0, 'Back 33'),
(1305, 'Front 34', 'Furigana 34', 'Example 34', 'kanji', '2023-10-07 18:03:02', 1, '2023-10-07 18:03:02', NULL, 0, 'Back 34'),
(1306, 'Front 35', 'Furigana 35', 'Example 35', 'kanji', '2023-10-07 18:03:02', 1, '2023-10-07 18:03:02', NULL, 0, 'Back 35'),
(1307, 'Front 36', 'Furigana 36', 'Example 36', 'kanji', '2023-10-07 18:03:02', 1, '2023-10-07 18:03:02', NULL, 0, 'Back 36'),
(1308, 'Back 37', 'Furigana 37', 'Example 37', 'kanji', '2023-10-07 18:03:02', 0, '2023-10-07 18:03:02', NULL, 1, 'Back 37'),
(1309, 'Front 37', 'Furigana 37', 'Example 37', 'kanji', '2023-10-07 18:03:02', 0, '2023-10-07 18:03:02', NULL, 1, 'Back 37'),
(1310, 'Back 38', 'Furigana 38', 'Example 38', 'kanji', '2023-10-07 18:03:02', 0, '2023-10-07 18:03:02', NULL, 1, 'Back 38'),
(1311, 'Front 38', 'Furigana 38', 'Example 38', 'kanji', '2023-10-07 18:03:02', 0, '2023-10-07 18:03:02', NULL, 1, 'Back 38'),
(1312, 'Front 39', 'Furigana 39', 'Example 39', 'kanji', '2023-10-07 18:03:02', 0, '2023-10-07 18:03:02', NULL, 0, 'Back 39'),
(1313, 'Front 40', 'Furigana 40', 'Example 40', 'kanji', '2023-10-07 18:03:02', 0, '2023-10-07 18:03:02', NULL, 0, 'Back 40'),
(1314, 'Back 41', 'Furigana 41', 'Example 41', 'kanji', '2023-10-07 18:03:02', 0, '2023-10-07 18:03:02', NULL, 1, 'Back 41'),
(1315, 'Front 41', 'Furigana 41', 'Example 41', 'kanji', '2023-10-07 18:03:02', 0, '2023-10-07 18:03:02', NULL, 1, 'Back 41'),
(1316, 'Back 42', 'Furigana 42', 'Example 42', 'kanji', '2023-10-07 18:03:02', 0, '2023-10-07 18:03:02', NULL, 1, 'Back 42'),
(1317, 'Front 42', 'Furigana 42', 'Example 42', 'kanji', '2023-10-07 18:03:02', 1, '2023-10-07 18:03:02', NULL, 1, 'Back 42'),
(1318, 'Back 43', 'Furigana 43', 'Example 43', 'kanji', '2023-10-07 18:03:02', 0, '2023-10-07 18:03:02', NULL, 1, 'Back 43'),
(1319, 'Front 43', 'Furigana 43', 'Example 43', 'kanji', '2023-10-07 18:03:02', 1, '2023-10-07 18:03:02', NULL, 1, 'Back 43'),
(1320, 'Front 44', 'Furigana 44', 'Example 44', 'kanji', '2023-10-07 18:03:02', 0, '2023-10-07 18:03:02', NULL, 0, 'Back 44'),
(1321, 'Back 45', 'Furigana 45', 'Example 45', 'kanji', '2023-10-07 18:03:02', 0, '2023-10-07 18:03:02', NULL, 1, 'Back 45'),
(1322, 'Front 45', 'Furigana 45', 'Example 45', 'kanji', '2023-10-07 18:03:02', 0, '2023-10-07 18:03:02', NULL, 1, 'Back 45'),
(1323, 'Back 46', 'Furigana 46', 'Example 46', 'kanji', '2023-10-07 18:03:02', 0, '2023-10-07 18:03:02', NULL, 1, 'Back 46'),
(1324, 'Front 46', 'Furigana 46', 'Example 46', 'kanji', '2023-10-07 18:03:02', 1, '2023-10-07 18:03:02', NULL, 1, 'Back 46'),
(1325, 'Front 47', 'Furigana 47', 'Example 47', 'kanji', '2023-10-07 18:03:02', 1, '2023-10-07 18:03:02', NULL, 0, 'Back 47'),
(1326, 'Front 48', 'Furigana 48', 'Example 48', 'kanji', '2023-10-07 18:03:02', 1, '2023-10-07 18:03:02', NULL, 0, 'Back 48'),
(1327, 'Back 49', 'Furigana 49', 'Example 49', 'kanji', '2023-10-07 18:03:02', 0, '2023-10-07 18:03:02', NULL, 1, 'Back 49'),
(1328, 'Front 49', 'Furigana 49', 'Example 49', 'kanji', '2023-10-07 18:03:02', 0, '2023-10-07 18:03:02', NULL, 1, 'Back 49'),
(1329, 'back 0', 'Furigana 0', 'Example 0', 'grammar', '2023-10-07 18:03:02', 0, '2023-10-07 18:03:02', 'back', 1, 'front 0'),
(1330, 'front 0', 'Furigana 0', 'Example 0', 'grammar', '2023-10-07 18:03:02', 1, '2023-10-07 18:03:02', 'front', 1, 'back 0'),
(1331, 'back 1', 'Furigana 1', 'Example 1', 'grammar', '2023-10-07 18:03:02', 0, '2023-10-07 18:03:02', 'back', 1, 'front 1'),
(1332, 'front 1', 'Furigana 1', 'Example 1', 'grammar', '2023-10-07 18:03:02', 1, '2023-10-07 18:03:02', 'front', 1, 'back 1'),
(1333, 'front 2', 'Furigana 2', 'Example 2', 'grammar', '2023-10-07 18:03:02', 0, '2023-10-07 18:03:02', NULL, 0, 'back 2'),
(1334, 'front 3', 'Furigana 3', 'Example 3', 'grammar', '2023-10-07 18:03:02', 1, '2023-10-08 18:15:22', NULL, 0, 'back 3'),
(1335, 'front 4', 'Furigana 4', 'Example 4', 'grammar', '2023-10-07 18:03:02', 0, '2023-10-07 18:03:02', NULL, 0, 'back 4'),
(1336, 'back 5', 'Furigana 5', 'Example 5', 'grammar', '2023-10-07 18:03:02', 0, '2023-10-07 18:03:02', 'back', 1, 'front 5'),
(1337, 'front 5', 'Furigana 5', 'Example 5', 'grammar', '2023-10-07 18:03:02', 0, '2023-10-07 18:03:02', 'front', 1, 'back 5'),
(1338, 'front 6', 'Furigana 6', 'Example 6', 'grammar', '2023-10-07 18:03:02', 1, '2023-10-07 18:03:02', NULL, 0, 'back 6'),
(1339, 'back 7', 'Furigana 7', 'Example 7', 'grammar', '2023-10-07 18:03:02', 0, '2023-10-07 18:03:02', 'back', 1, 'front 7'),
(1340, 'front 7', 'Furigana 7', 'Example 7', 'grammar', '2023-10-07 18:03:02', 0, '2023-10-07 18:03:02', 'front', 1, 'back 7'),
(1343, 'front 9', 'Furigana 9', 'Example 9', 'grammar', '2023-10-07 18:03:02', 0, '2023-10-07 18:03:02', NULL, 0, 'back 9'),
(1344, 'back 10', 'Furigana 10', 'Example 10', 'grammar', '2023-10-07 18:03:02', 0, '2023-10-07 18:03:02', 'back', 1, 'front 10'),
(1345, 'front 10', 'Furigana 10', 'Example 10', 'grammar', '2023-10-07 18:03:02', 1, '2023-10-07 18:03:02', 'front', 1, 'back 10'),
(1346, 'front 11', 'Furigana 11', 'Example 11', 'grammar', '2023-10-07 18:03:02', 0, '2023-10-07 18:03:02', NULL, 0, 'back 11'),
(1347, 'front 12', 'Furigana 12', 'Example 12', 'grammar', '2023-10-07 18:03:02', 1, '2023-10-07 18:03:02', NULL, 0, 'back 12'),
(1348, 'back 13', 'Furigana 13', 'Example 13', 'grammar', '2023-10-07 18:03:02', 0, '2023-10-07 18:03:02', 'back', 1, 'front 13'),
(1349, 'front 13', 'Furigana 13', 'Example 13', 'grammar', '2023-10-07 18:03:02', 1, '2023-10-07 18:03:02', 'front', 1, 'back 13'),
(1350, 'back 14', 'Furigana 14', 'Example 14', 'grammar', '2023-10-07 18:03:02', 0, '2023-10-07 18:03:02', 'back', 1, 'front 14'),
(1351, 'front 14', 'Furigana 14', 'Example 14', 'grammar', '2023-10-07 18:03:02', 1, '2023-10-08 18:15:22', 'front', 1, 'back 14'),
(1352, 'back 15', 'Furigana 15', 'Example 15', 'grammar', '2023-10-07 18:03:02', 0, '2023-10-07 18:03:02', 'back', 1, 'front 15'),
(1353, 'front 15', 'Furigana 15', 'Example 15', 'grammar', '2023-10-07 18:03:02', 0, '2023-10-07 18:03:02', 'front', 1, 'back 15'),
(1354, 'back 16', 'Furigana 16', 'Example 16', 'grammar', '2023-10-07 18:03:02', 0, '2023-10-07 18:03:02', 'back', 1, 'front 16'),
(1355, 'front 16', 'Furigana 16', 'Example 16', 'grammar', '2023-10-07 18:03:02', 1, '2023-10-07 18:03:02', 'front', 1, 'back 16'),
(1356, 'front 17', 'Furigana 17', 'Example 17', 'grammar', '2023-10-07 18:03:02', 0, '2023-10-07 18:03:02', NULL, 0, 'back 17'),
(1357, 'back 18', 'Furigana 18', 'Example 18', 'grammar', '2023-10-07 18:03:02', 0, '2023-10-07 18:03:02', 'back', 1, 'front 18'),
(1358, 'front 18', 'Furigana 18', 'Example 18', 'grammar', '2023-10-07 18:03:02', 1, '2023-10-07 18:03:02', 'front', 1, 'back 18'),
(1359, 'front 19', 'Furigana 19', 'Example 19', 'grammar', '2023-10-07 18:03:02', 0, '2023-10-07 18:03:02', NULL, 0, 'back 19'),
(1360, 'front 20', 'Furigana 20', 'Example 20', 'grammar', '2023-10-07 18:03:02', 1, '2023-10-07 18:03:02', NULL, 0, 'back 20'),
(1362, 'front 22', 'Furigana 22', 'Example 22', 'grammar', '2023-10-07 18:03:02', 1, '2023-10-08 18:15:22', NULL, 0, 'back 22'),
(1363, 'front 23', 'Furigana 23', 'Example 23', 'grammar', '2023-10-07 18:03:02', 1, '2023-10-07 18:03:02', NULL, 0, 'back 23'),
(1364, 'front 24', 'Furigana 24', 'Example 24', 'grammar', '2023-10-07 18:03:02', 1, '2023-10-07 18:03:02', NULL, 0, 'back 24'),
(1365, 'front 25', 'Furigana 25', 'Example 25', 'grammar', '2023-10-07 18:03:02', 1, '2023-10-07 18:03:02', NULL, 0, 'back 25'),
(1366, 'front 26', 'Furigana 26', 'Example 26', 'grammar', '2023-10-07 18:03:02', 1, '2023-10-07 18:03:02', NULL, 0, 'back 26'),
(1367, 'front 27', 'Furigana 27', 'Example 27', 'grammar', '2023-10-07 18:03:02', 0, '2023-10-07 18:03:02', NULL, 0, 'back 27'),
(1368, 'back 28', 'Furigana 28', 'Example 28', 'grammar', '2023-10-07 18:03:02', 0, '2023-10-07 18:03:02', 'back', 1, 'front 28'),
(1369, 'front 28', 'Furigana 28', 'Example 28', 'grammar', '2023-10-07 18:03:02', 1, '2023-10-07 18:03:02', 'front', 1, 'back 28'),
(1370, 'front 29', 'Furigana 29', 'Example 29', 'grammar', '2023-10-07 18:03:02', 0, '2023-10-07 18:03:02', NULL, 0, 'back 29'),
(1371, 'front 30', 'Furigana 30', 'Example 30', 'grammar', '2023-10-07 18:03:02', 0, '2023-10-07 18:03:02', NULL, 0, 'back 30'),
(1372, 'front 31', 'Furigana 31', 'Example 31', 'grammar', '2023-10-07 18:03:02', 1, '2023-10-07 18:03:02', NULL, 0, 'back 31'),
(1373, 'front 32', 'Furigana 32', 'Example 32', 'grammar', '2023-10-07 18:03:02', 1, '2023-10-07 18:03:02', NULL, 0, 'back 32'),
(1374, 'front 33', 'Furigana 33', 'Example 33', 'grammar', '2023-10-07 18:03:02', 1, '2023-10-07 18:03:02', NULL, 0, 'back 33'),
(1375, 'front 34', 'Furigana 34', 'Example 34', 'grammar', '2023-10-07 18:03:02', 1, '2023-10-07 18:03:02', NULL, 0, 'back 34'),
(1376, 'back 35', 'Furigana 35', 'Example 35', 'grammar', '2023-10-07 18:03:02', 0, '2023-10-07 18:03:02', 'back', 1, 'front 35'),
(1377, 'front 35', 'Furigana 35', 'Example 35', 'grammar', '2023-10-07 18:03:02', 0, '2023-10-07 18:03:02', 'front', 1, 'back 35'),
(1378, 'back 36', 'Furigana 36', 'Example 36', 'grammar', '2023-10-07 18:03:02', 0, '2023-10-07 18:03:02', 'back', 1, 'front 36'),
(1379, 'front 36', 'Furigana 36', 'Example 36', 'grammar', '2023-10-07 18:03:02', 1, '2023-10-07 18:03:02', 'front', 1, 'back 36'),
(1380, 'back 37', 'Furigana 37', 'Example 37', 'grammar', '2023-10-07 18:03:02', 0, '2023-10-07 18:03:02', 'back', 1, 'front 37'),
(1381, 'front 37', 'Furigana 37', 'Example 37', 'grammar', '2023-10-07 18:03:02', 1, '2023-10-07 18:03:02', 'front', 1, 'back 37'),
(1382, 'front 38', 'Furigana 38', 'Example 38', 'grammar', '2023-10-07 18:03:02', 1, '2023-10-07 18:03:02', NULL, 0, 'back 38'),
(1383, 'front 39', 'Furigana 39', 'Example 39', 'grammar', '2023-10-07 18:03:02', 1, '2023-10-08 18:15:22', NULL, 0, 'back 39'),
(1384, 'front 40', 'Furigana 40', 'Example 40', 'grammar', '2023-10-07 18:03:02', 1, '2023-10-07 18:03:02', NULL, 0, 'back 40'),
(1385, 'front 41', 'Furigana 41', 'Example 41', 'grammar', '2023-10-07 18:03:02', 1, '2023-10-08 18:15:22', NULL, 0, 'back 41'),
(1386, 'front 42', 'Furigana 42', 'Example 42', 'grammar', '2023-10-07 18:03:02', 0, '2023-10-07 18:03:02', NULL, 0, 'back 42'),
(1387, 'front 43', 'Furigana 43', 'Example 43', 'grammar', '2023-10-07 18:03:02', 1, '2023-10-07 18:03:02', NULL, 0, 'back 43'),
(1388, 'back 44', 'Furigana 44', 'Example 44', 'grammar', '2023-10-07 18:03:02', 0, '2023-10-07 18:03:02', 'back', 1, 'front 44'),
(1389, 'front 44', 'Furigana 44', 'Example 44', 'grammar', '2023-10-07 18:03:02', 1, '2023-10-07 18:03:02', 'front', 1, 'back 44'),
(1390, 'back 45', 'Furigana 45', 'Example 45', 'grammar', '2023-10-07 18:03:02', 0, '2023-10-07 18:03:02', 'back', 1, 'front 45'),
(1391, 'front 45', 'Furigana 45', 'Example 45', 'grammar', '2023-10-07 18:03:02', 0, '2023-10-07 18:03:02', 'front', 1, 'back 45'),
(1392, 'back 46', 'Furigana 46', 'Example 46', 'grammar', '2023-10-07 18:03:02', 0, '2023-10-07 18:03:02', 'back', 1, 'front 46'),
(1393, 'front 46', 'Furigana 46', 'Example 46', 'grammar', '2023-10-07 18:03:02', 1, '2023-10-07 18:03:02', 'front', 1, 'back 46'),
(1394, 'back 47', 'Furigana 47', 'Example 47', 'grammar', '2023-10-07 18:03:02', 0, '2023-10-07 18:03:02', 'back', 1, 'front 47'),
(1395, 'front 47', 'Furigana 47', 'Example 47', 'grammar', '2023-10-07 18:03:02', 1, '2023-10-07 18:03:02', 'front', 1, 'back 47'),
(1396, 'front 48', 'Furigana 48', 'Example 48', 'grammar', '2023-10-07 18:03:02', 1, '2023-10-07 18:03:02', NULL, 0, 'back 48'),
(1397, 'front 49', 'Furigana 49', 'Example 49', 'grammar', '2023-10-07 18:03:02', 0, '2023-10-07 18:03:02', NULL, 0, 'back 49'),
(1398, 'Front 0', 'Furigana 0', 'Example 0', 'vocabulary', '2023-10-07 18:03:02', 1, '2023-10-08 18:15:22', 'back', 1, 'Back 0'),
(1399, 'Front 0', 'Furigana 0', 'Example 0', 'vocabulary', '2023-10-07 18:03:02', 1, '2023-10-08 18:15:22', 'front', 1, 'Back 0'),
(1400, 'Front 1', 'Furigana 1', 'Example 1', 'vocabulary', '2023-10-07 18:03:02', 0, '2023-10-07 18:03:02', 'back', 1, 'Back 1'),
(1401, 'Front 1', 'Furigana 1', 'Example 1', 'vocabulary', '2023-10-07 18:03:02', 0, '2023-10-07 18:03:02', 'front', 1, 'Back 1'),
(1402, 'Front 2', 'Furigana 2', 'Example 2', 'vocabulary', '2023-10-07 18:03:02', 0, '2023-10-07 18:03:02', NULL, 0, 'Back 2'),
(1403, 'Front 3', 'Furigana 3', 'Example 3', 'vocabulary', '2023-10-07 18:03:02', 0, '2023-10-07 18:03:02', NULL, 0, 'Back 3'),
(1404, 'Front 4', 'Furigana 4', 'Example 4', 'vocabulary', '2023-10-07 18:03:02', 0, '2023-10-07 18:03:02', 'back', 1, 'Back 4'),
(1405, 'Front 4', 'Furigana 4', 'Example 4', 'vocabulary', '2023-10-07 18:03:02', 1, '2023-10-07 18:03:02', 'front', 1, 'Back 4'),
(1406, 'Front 5', 'Furigana 5', 'Example 5', 'vocabulary', '2023-10-07 18:03:02', 0, '2023-10-07 18:03:02', 'back', 1, 'Back 5'),
(1407, 'Front 5', 'Furigana 5', 'Example 5', 'vocabulary', '2023-10-07 18:03:02', 1, '2023-10-07 18:03:02', 'front', 1, 'Back 5'),
(1408, 'Front 6', 'Furigana 6', 'Example 6', 'vocabulary', '2023-10-07 18:03:02', 1, '2023-10-07 18:03:02', NULL, 0, 'Back 6'),
(1409, 'Front 7', 'Furigana 7', 'Example 7', 'vocabulary', '2023-10-07 18:03:02', 0, '2023-10-07 18:03:02', 'back', 1, 'Back 7'),
(1410, 'Front 7', 'Furigana 7', 'Example 7', 'vocabulary', '2023-10-07 18:03:02', 0, '2023-10-07 18:03:02', 'front', 1, 'Back 7'),
(1411, 'Front 8', 'Furigana 8', 'Example 8', 'vocabulary', '2023-10-07 18:03:02', 0, '2023-10-07 18:03:02', NULL, 0, 'Back 8'),
(1412, 'Front 9', 'Furigana 9', 'Example 9', 'vocabulary', '2023-10-07 18:03:02', 0, '2023-10-07 18:03:02', 'back', 1, 'Back 9'),
(1413, 'Front 9', 'Furigana 9', 'Example 9', 'vocabulary', '2023-10-07 18:03:02', 1, '2023-10-07 18:03:02', 'front', 1, 'Back 9'),
(1415, 'Front 10', 'Furigana 10', 'Example 10', 'vocabulary', '2023-10-07 18:03:02', 0, '2023-10-07 18:03:02', 'front', 1, 'Back 10'),
(1416, 'Front 11', 'Furigana 11', 'Example 11', 'vocabulary', '2023-10-07 18:03:02', 0, '2023-10-07 18:03:02', 'back', 1, 'Back 11'),
(1417, 'Front 11', 'Furigana 11', 'Example 11', 'vocabulary', '2023-10-07 18:03:02', 0, '2023-10-07 18:03:02', 'front', 1, 'Back 11'),
(1418, 'Front 12', 'Furigana 12', 'Example 12', 'vocabulary', '2023-10-07 18:03:02', 0, '2023-10-07 18:03:02', NULL, 0, 'Back 12'),
(1419, 'Front 13', 'Furigana 13', 'Example 13', 'vocabulary', '2023-10-07 18:03:02', 0, '2023-10-07 18:03:02', 'back', 1, 'Back 13'),
(1420, 'Front 13', 'Furigana 13', 'Example 13', 'vocabulary', '2023-10-07 18:03:02', 0, '2023-10-07 18:03:02', 'front', 1, 'Back 13'),
(1421, 'Front 14', 'Furigana 14', 'Example 14', 'vocabulary', '2023-10-07 18:03:02', 1, '2023-10-07 18:03:02', NULL, 0, 'Back 14'),
(1422, 'Front 15', 'Furigana 15', 'Example 15', 'vocabulary', '2023-10-07 18:03:02', 0, '2023-10-07 18:03:02', NULL, 0, 'Back 15'),
(1423, 'Front 16', 'Furigana 16', 'Example 16', 'vocabulary', '2023-10-07 18:03:02', 0, '2023-10-07 18:03:02', 'back', 1, 'Back 16'),
(1424, 'Front 16', 'Furigana 16', 'Example 16', 'vocabulary', '2023-10-07 18:03:02', 0, '2023-10-07 18:03:02', 'front', 1, 'Back 16'),
(1425, 'Front 17', 'Furigana 17', 'Example 17', 'vocabulary', '2023-10-07 18:03:02', 0, '2023-10-07 18:03:02', 'back', 1, 'Back 17'),
(1426, 'Front 17', 'Furigana 17', 'Example 17', 'vocabulary', '2023-10-07 18:03:02', 0, '2023-10-07 18:03:02', 'front', 1, 'Back 17'),
(1427, 'Front 18', 'Furigana 18', 'Example 18', 'vocabulary', '2023-10-07 18:03:02', 0, '2023-10-07 18:03:02', 'back', 1, 'Back 18'),
(1428, 'Front 18', 'Furigana 18', 'Example 18', 'vocabulary', '2023-10-07 18:03:02', 1, '2023-10-07 18:03:02', 'front', 1, 'Back 18'),
(1429, 'Front 19', 'Furigana 19', 'Example 19', 'vocabulary', '2023-10-07 18:03:02', 0, '2023-10-07 18:03:02', 'back', 1, 'Back 19'),
(1430, 'Front 19', 'Furigana 19', 'Example 19', 'vocabulary', '2023-10-07 18:03:02', 1, '2023-10-07 18:03:02', 'front', 1, 'Back 19'),
(1431, 'Front 20', 'Furigana 20', 'Example 20', 'vocabulary', '2023-10-07 18:03:02', 1, '2023-10-07 18:03:02', NULL, 0, 'Back 20'),
(1432, 'Front 21', 'Furigana 21', 'Example 21', 'vocabulary', '2023-10-07 18:03:02', 1, '2023-10-07 18:03:02', NULL, 0, 'Back 21'),
(1433, 'Front 22', 'Furigana 22', 'Example 22', 'vocabulary', '2023-10-07 18:03:02', 0, '2023-10-07 18:03:02', 'back', 1, 'Back 22'),
(1434, 'Front 22', 'Furigana 22', 'Example 22', 'vocabulary', '2023-10-07 18:03:02', 0, '2023-10-07 18:03:02', 'front', 1, 'Back 22'),
(1435, 'Front 23', 'Furigana 23', 'Example 23', 'vocabulary', '2023-10-07 18:03:02', 1, '2023-10-07 18:03:02', NULL, 0, 'Back 23'),
(1436, 'Front 24', 'Furigana 24', 'Example 24', 'vocabulary', '2023-10-07 18:03:02', 0, '2023-10-07 18:03:02', 'back', 1, 'Back 24'),
(1437, 'Front 24', 'Furigana 24', 'Example 24', 'vocabulary', '2023-10-07 18:03:02', 1, '2023-10-07 18:03:02', 'front', 1, 'Back 24'),
(1438, 'Front 25', 'Furigana 25', 'Example 25', 'vocabulary', '2023-10-07 18:03:02', 0, '2023-10-07 18:03:02', 'back', 1, 'Back 25'),
(1439, 'Front 25', 'Furigana 25', 'Example 25', 'vocabulary', '2023-10-07 18:03:02', 0, '2023-10-07 18:03:02', 'front', 1, 'Back 25'),
(1440, 'Front 26', 'Furigana 26', 'Example 26', 'vocabulary', '2023-10-07 18:03:02', 1, '2023-10-07 18:03:02', NULL, 0, 'Back 26'),
(1441, 'Front 27', 'Furigana 27', 'Example 27', 'vocabulary', '2023-10-07 18:03:02', 0, '2023-10-07 18:03:02', NULL, 0, 'Back 27'),
(1442, 'Front 28', 'Furigana 28', 'Example 28', 'vocabulary', '2023-10-07 18:03:02', 1, '2023-10-07 18:03:02', NULL, 0, 'Back 28'),
(1443, 'Front 29', 'Furigana 29', 'Example 29', 'vocabulary', '2023-10-07 18:03:02', 0, '2023-10-07 18:03:02', NULL, 0, 'Back 29'),
(1444, 'Front 30', 'Furigana 30', 'Example 30', 'vocabulary', '2023-10-07 18:03:02', 0, '2023-10-07 18:03:02', 'back', 1, 'Back 30'),
(1445, 'Front 30', 'Furigana 30', 'Example 30', 'vocabulary', '2023-10-07 18:03:02', 0, '2023-10-07 18:03:02', 'front', 1, 'Back 30'),
(1446, 'Front 31', 'Furigana 31', 'Example 31', 'vocabulary', '2023-10-07 18:03:02', 0, '2023-10-07 18:03:02', 'back', 1, 'Back 31'),
(1447, 'Front 31', 'Furigana 31', 'Example 31', 'vocabulary', '2023-10-07 18:03:02', 0, '2023-10-07 18:03:02', 'front', 1, 'Back 31'),
(1448, 'Front 32', 'Furigana 32', 'Example 32', 'vocabulary', '2023-10-07 18:03:02', 0, '2023-10-07 18:03:02', 'back', 1, 'Back 32'),
(1449, 'Front 32', 'Furigana 32', 'Example 32', 'vocabulary', '2023-10-07 18:03:02', 1, '2023-10-07 18:03:02', 'front', 1, 'Back 32'),
(1450, 'Front 33', 'Furigana 33', 'Example 33', 'vocabulary', '2023-10-07 18:03:02', 0, '2023-10-07 18:03:02', NULL, 0, 'Back 33'),
(1451, 'Front 34', 'Furigana 34', 'Example 34', 'vocabulary', '2023-10-07 18:03:02', 0, '2023-10-07 18:03:02', NULL, 0, 'Back 34'),
(1452, 'Front 35', 'Furigana 35', 'Example 35', 'vocabulary', '2023-10-07 18:03:02', 0, '2023-10-07 18:03:02', 'back', 1, 'Back 35'),
(1453, 'Front 35', 'Furigana 35', 'Example 35', 'vocabulary', '2023-10-07 18:03:02', 0, '2023-10-07 18:03:02', 'front', 1, 'Back 35'),
(1454, 'Front 36', 'Furigana 36', 'Example 36', 'vocabulary', '2023-10-07 18:03:02', 0, '2023-10-07 18:03:02', 'back', 1, 'Back 36'),
(1455, 'Front 36', 'Furigana 36', 'Example 36', 'vocabulary', '2023-10-07 18:03:02', 1, '2023-10-10 14:59:28', 'front', 1, 'Back 36'),
(1456, 'Front 37', 'Furigana 37', 'Example 37', 'vocabulary', '2023-10-07 18:03:02', 0, '2023-10-07 18:03:02', NULL, 0, 'Back 37'),
(1457, 'Front 38', 'Furigana 38', 'Example 38', 'vocabulary', '2023-10-07 18:03:02', 0, '2023-10-07 18:03:02', 'back', 1, 'Back 38'),
(1458, 'Front 38', 'Furigana 38', 'Example 38', 'vocabulary', '2023-10-07 18:03:02', 0, '2023-10-07 18:03:02', 'front', 1, 'Back 38'),
(1459, 'Front 39', 'Furigana 39', 'Example 39', 'vocabulary', '2023-10-07 18:03:02', 0, '2023-10-07 18:03:02', NULL, 0, 'Back 39'),
(1460, 'Front 40', 'Furigana 40', 'Example 40', 'vocabulary', '2023-10-07 18:03:02', 0, '2023-10-07 18:03:02', 'back', 1, 'Back 40'),
(1461, 'Front 40', 'Furigana 40', 'Example 40', 'vocabulary', '2023-10-07 18:03:02', 1, '2023-10-07 18:03:02', 'front', 1, 'Back 40'),
(1462, 'Front 41', 'Furigana 41', 'Example 41', 'vocabulary', '2023-10-07 18:03:02', 0, '2023-10-07 18:03:02', 'back', 1, 'Back 41'),
(1463, 'Front 41', 'Furigana 41', 'Example 41', 'vocabulary', '2023-10-07 18:03:02', 1, '2023-10-07 18:03:02', 'front', 1, 'Back 41'),
(1464, 'Front 42', 'Furigana 42', 'Example 42', 'vocabulary', '2023-10-07 18:03:02', 0, '2023-10-07 18:03:02', NULL, 0, 'Back 42'),
(1465, 'Front 43', 'Furigana 43', 'Example 43', 'vocabulary', '2023-10-07 18:03:02', 0, '2023-10-07 18:03:02', 'back', 1, 'Back 43'),
(1466, 'Front 43', 'Furigana 43', 'Example 43', 'vocabulary', '2023-10-07 18:03:02', 1, '2023-10-07 18:03:02', 'front', 1, 'Back 43'),
(1467, 'Front 44', 'Furigana 44', 'Example 44', 'vocabulary', '2023-10-07 18:03:02', 0, '2023-10-07 18:03:02', NULL, 0, 'Back 44'),
(1468, 'Front 45', 'Furigana 45', 'Example 45', 'vocabulary', '2023-10-07 18:03:02', 0, '2023-10-07 18:03:02', 'back', 1, 'Back 45'),
(1469, 'Front 45', 'Furigana 45', 'Example 45', 'vocabulary', '2023-10-07 18:03:02', 0, '2023-10-07 18:03:02', 'front', 1, 'Back 45'),
(1470, 'Front 46', 'Furigana 46', 'Example 46', 'vocabulary', '2023-10-07 18:03:02', 0, '2023-10-07 18:03:02', NULL, 0, 'Back 46'),
(1471, 'Front 47', 'Furigana 47', 'Example 47', 'vocabulary', '2023-10-07 18:03:02', 0, '2023-10-07 18:03:02', 'back', 1, 'Back 47'),
(1472, 'Front 47', 'Furigana 47', 'Example 47', 'vocabulary', '2023-10-07 18:03:02', 0, '2023-10-07 18:03:02', 'front', 1, 'Back 47'),
(1473, 'Front 48', 'Furigana 48', 'Example 48', 'vocabulary', '2023-10-07 18:03:02', 0, '2023-10-07 18:03:02', 'back', 1, 'Back 48'),
(1474, 'Front 48', 'Furigana 48', 'Example 48', 'vocabulary', '2023-10-07 18:03:02', 0, '2023-10-07 18:03:02', 'front', 1, 'Back 48'),
(1475, 'Front 49', 'Furigana 49', 'Example 49', 'vocabulary', '2023-10-07 18:03:02', 1, '2023-10-07 18:03:02', NULL, 0, 'Back 49'),
(1477, 'la question je modifie', 'furigana', 'furigana', 'kanji', '2023-10-08 17:47:49', 0, '2023-10-08 17:48:06', NULL, 1, 'la question'),
(1478, 'la question P', 'furigana aussi modif', 'EXEMPLE !!!', 'kanji', '2023-10-08 17:47:49', 0, '2023-10-08 17:56:35', NULL, 1, 'la réponse que j\'ai modifiée P'),
(1485, 'y', 'y', 'y', 'kanji', '2023-10-08 18:24:36', 0, '2023-10-08 18:24:36', NULL, 1, 'y'),
(1486, 'y', 'y', 'y', 'kanji', '2023-10-08 18:24:36', 0, '2023-10-08 18:24:36', NULL, 1, 'y'),
(1487, 'h', 'h', 'h', 'vocabulary', '2023-10-08 18:24:48', 0, '2023-10-08 18:24:48', NULL, 1, 'h'),
(1488, 'h', 'h', 'h', 'vocabulary', '2023-10-08 18:24:48', 0, '2023-10-08 18:24:48', NULL, 1, 'h'),
(1489, 't', 't', 't', 'kanji', '2023-10-09 09:06:54', 0, '2023-10-09 09:06:54', NULL, 1, 't'),
(1490, 't', 't', 't', 'kanji', '2023-10-09 09:06:54', 0, '2023-10-09 09:06:54', NULL, 1, 't'),
(1491, 'ttttt', 'ttt', 'tttt', 'kanji', '2023-10-09 09:14:03', 0, '2023-10-09 09:14:03', NULL, 1, 'ttttt'),
(1492, 'A deviner', 'Furigana', 'Exemple', 'kanji', '2023-10-09 09:14:03', 0, '2023-10-09 09:17:49', NULL, 1, 'Réponse'),
(1493, 'Kanji', 'A deviner', 'A deviner', 'kanji', '2023-10-09 09:51:59', 0, '2023-10-09 09:52:41', NULL, 0, 'A deviner'),
(1494, 'réponse 1', 'f', 'f', 'vocabulary', '2023-10-09 09:52:15', 0, '2023-10-09 09:52:15', NULL, 1, 'vocab 1'),
(1495, 'vocab 1', 'f', 'f', 'vocabulary', '2023-10-09 09:52:15', 0, '2023-10-09 09:52:15', NULL, 1, 'réponse 1'),
(1496, 'ré^pnse 2', 'rez', 'r', 'grammar', '2023-10-09 09:52:28', 0, '2023-10-09 09:52:28', NULL, 1, 'gammaire2'),
(1497, 'gammaire2', 'rez', 'r', 'grammar', '2023-10-09 09:52:28', 0, '2023-10-09 09:52:28', NULL, 1, 'ré^pnse 2'),
(1499, 'test', 'test', 'test', 'kanji', '2023-10-09 10:03:21', 1, '2023-10-09 10:03:53', NULL, 1, 'tset'),
(1500, 'tset', 'test', 'test', 'kanji', '2023-10-09 10:03:21', 1, '2023-10-09 10:03:53', NULL, 1, 'test'),
(1501, 'te', 'ete', 'te', 'kanji', '2023-10-09 10:08:35', 1, '2023-10-09 10:09:24', NULL, 1, 'te'),
(1502, 'te', 'ete', 'te', 'kanji', '2023-10-09 10:08:35', 1, '2023-10-09 10:09:24', NULL, 1, 'te'),
(1503, 'la réponse', 'Furigana', 'exmeple', 'kanji', '2023-10-09 10:18:45', 1, '2023-10-09 10:20:05', NULL, 1, 'une carte'),
(1504, 'une carte', 'Furigana', 'exmeple', 'kanji', '2023-10-09 10:18:45', 1, '2023-10-09 10:20:05', NULL, 1, 'la réponse'),
(1505, 'Réponse', 'v', 'Exemple', 'vocabulary', '2023-10-09 10:19:01', 1, '2023-10-09 10:20:05', NULL, 1, 'vocab'),
(1506, 'vocab', 'v', 'Exemple', 'vocabulary', '2023-10-09 10:19:01', 1, '2023-10-09 10:20:05', NULL, 1, 'Réponse'),
(1507, 'Réponse', 'Furigana', 'Exemple', 'grammar', '2023-10-09 10:19:16', 1, '2023-10-09 10:20:05', NULL, 1, 'grammaire'),
(1508, 'grammaire', 'Furigana', 'Exemple', 'grammar', '2023-10-09 10:19:16', 1, '2023-10-09 10:20:05', NULL, 1, 'Réponse'),
(1509, 'r', 'r', 'r', 'kanji', '2023-10-09 10:35:01', 0, '2023-10-09 10:35:01', NULL, 1, 'r'),
(1510, 'r', 'r', 'r', 'kanji', '2023-10-09 10:35:01', 0, '2023-10-09 10:35:01', NULL, 1, 'r'),
(1511, 'にくい。', '', 'この果物は皮が固くて切りにくい。 ', 'grammar', '2023-10-09 11:41:26', 1, '2023-10-10 07:46:52', NULL, 1, 'Quand qqch est difficile à faire'),
(1512, 'Quand qqch est difficile à faire', '', 'この果物は皮が固くて切りにくい。 ', 'grammar', '2023-10-09 11:41:26', 1, '2023-10-10 07:46:52', NULL, 1, 'にくい。'),
(1513, 'やすい', '', '雪で道が滑りやすなっていますから、気をつけてください', 'grammar', '2023-10-09 11:43:11', 1, '2023-10-10 07:46:52', NULL, 1, 'Quand qqch est facile à faire'),
(1514, 'Quand qqch est facile à faire', '', '雪で道が滑りやすなっていますから、気をつけてください', 'grammar', '2023-10-09 11:43:11', 1, '2023-10-10 07:46:52', NULL, 1, 'やすい'),
(1515, '来週東京に行くとき、バスで行きますか。それとも新幹線にしますか。', NULL, 'Tu vas en bus ou bien en train la semaine prochaine à Kyoto ?', 'grammar', '2023-10-09 11:43:58', 1, '2023-10-10 07:46:52', NULL, 1, 'Indiquer un choix qu\'on fait'),
(1516, 'Indiquer un choix qu\'on fait', NULL, 'Tu vas en bus ou bien en train la semaine prochaine à Kyoto ?', 'grammar', '2023-10-09 11:43:58', 1, '2023-10-10 07:46:52', NULL, 1, '来週東京に行くとき、バスで行きますか。それとも新幹線にしますか。'),
(1517, 'スポーツを見るとするとどちらがすきですか。', NULL, 'Tu préfères quoi entre faire du sport ou le regarder ?', 'grammar', '2023-10-09 11:44:30', 1, '2023-10-10 07:46:52', NULL, 1, 'Entre ça et ça ?'),
(1518, 'Entre ça et ça ?', NULL, 'Tu préfères quoi entre faire du sport ou le regarder ?', 'grammar', '2023-10-09 11:44:30', 1, '2023-10-10 07:46:52', NULL, 1, 'スポーツを見るとするとどちらがすきですか。'),
(1519, 'かばんに荷物を入れすぎたので、重くて、持ちません', NULL, 'J\'ai trop chargé mon sac du coup il est trop lourd pour que je puisse le porter.', 'grammar', '2023-10-09 11:45:14', 1, '2023-10-10 07:46:52', NULL, 1, 'Trop ! (ce qui cause problème)'),
(1520, 'Trop ! (ce qui cause problème)', NULL, 'J\'ai trop chargé mon sac du coup il est trop lourd pour que je puisse le porter.', 'grammar', '2023-10-09 11:45:14', 1, '2023-10-10 07:46:52', NULL, 1, 'かばんに荷物を入れすぎたので、重くて、持ちません'),
(1521, 'この料理は辛くて、食べられません', '', 'Je ne peux pas manger car cette cuisine est trop épicée', 'grammar', '2023-10-09 11:46:38', 1, '2023-10-10 07:46:52', NULL, 1, 'À cause de'),
(1522, 'À cause de', '', 'Je ne peux pas manger car cette cuisine est trop épicée', 'grammar', '2023-10-09 11:46:38', 1, '2023-10-10 07:46:52', NULL, 1, 'この料理は辛くて、食べられません'),
(1523, '遠いので、車でも１０分では行けません。', NULL, 'C\'est loin, même en voiture tu ne pourra pas y être en 10mn', 'grammar', '2023-10-09 11:47:16', 1, '2023-10-10 07:46:52', NULL, 1, 'Même si'),
(1524, 'Même si', NULL, 'C\'est loin, même en voiture tu ne pourra pas y être en 10mn', 'grammar', '2023-10-09 11:47:16', 1, '2023-10-10 07:46:52', NULL, 1, '遠いので、車でも１０分では行けません。'),
(1525, '大変', 'たいへん', 'おばあさんは大変喜びました。', 'vocabulary', '2023-10-09 11:53:43', 0, '2023-10-09 11:53:43', NULL, 1, 'Terriblement, très'),
(1526, 'Terriblement, très', 'たいへん', 'おばあさんは大変喜びました。', 'vocabulary', '2023-10-09 11:53:43', 0, '2023-10-09 11:53:43', NULL, 1, '大変'),
(1527, '不思議', 'ふしぎ', 'おじいさんは不思議に思って近づくと、恐る恐るそのたけを切ってみました。', 'vocabulary', '2023-10-09 11:54:48', 0, '2023-10-09 11:54:48', NULL, 1, 'Étrange'),
(1528, 'Étrange', 'ふしぎ', 'おじいさんは不思議に思って近づくと、恐る恐るそのたけを切ってみました。', 'vocabulary', '2023-10-09 11:54:48', 0, '2023-10-09 11:54:48', NULL, 1, '不思議'),
(1529, '竹', 'たけ', 'おじいさん、は毎日山に入って竹を取り。。。', 'vocabulary', '2023-10-09 11:55:32', 0, '2023-10-09 11:55:32', NULL, 1, 'bambou'),
(1530, 'bambou', 'たけ', 'おじいさん、は毎日山に入って竹を取り。。。', 'vocabulary', '2023-10-09 11:55:32', 0, '2023-10-09 11:55:32', NULL, 1, '竹'),
(1531, '輝く', 'かがやく', '月のように輝く、美しいお姫様、という意味です。', 'vocabulary', '2023-10-09 11:56:35', 0, '2023-10-09 11:56:35', NULL, 1, 'resplendir 、briller'),
(1532, 'resplendir 、briller', 'かがやく', '月のように輝く、美しいお姫様、という意味です。', 'vocabulary', '2023-10-09 11:56:35', 0, '2023-10-09 11:56:35', NULL, 1, '輝く'),
(1533, 'être blessé, être offensé', 'きずつく', '傷つくこと 喜ぶこと 繰り返す波と情動', 'vocabulary', '2023-10-09 11:58:19', 0, '2023-10-09 11:58:19', NULL, 1, '傷つく'),
(1534, '傷つく', 'きずつく', '傷つくこと 喜ぶこと 繰り返す波と情動', 'vocabulary', '2023-10-09 11:58:19', 0, '2023-10-09 11:58:19', NULL, 1, 'être blessé, être offensé'),
(1535, 'blessure, faire mal, douleur, entaille, cicatrice, point faible', '', '', 'kanji', '2023-10-09 12:01:36', 0, '2023-10-09 12:01:36', NULL, 1, '傷'),
(1536, '傷', '', '', 'kanji', '2023-10-09 12:01:36', 0, '2023-10-09 12:01:36', NULL, 1, 'blessure, faire mal, douleur, entaille, cicatrice, point faible'),
(1537, '	allonger, étirer, accroître, étendre, augmenter', NULL, '伸縮(しんしゅく):élasticité', 'kanji', '2023-10-09 12:03:10', 0, '2023-10-09 12:03:10', NULL, 1, '伸'),
(1538, '伸', NULL, '伸縮(しんしゅく):élasticité', 'kanji', '2023-10-09 12:03:10', 0, '2023-10-09 12:03:10', NULL, 1, '	allonger, étirer, accroître, étendre, augmenter'),
(1539, 'pousser (par ex. pour les cheveux, les ongles), croitre, s\'allonger, grandir', 'のばす', '手を伸ばせば触れた あったかい未来は', 'vocabulary', '2023-10-09 12:04:05', 0, '2023-10-09 12:04:05', NULL, 1, '伸ばす'),
(1540, '伸ばす', 'のばす', '手を伸ばせば触れた あったかい未来は', 'vocabulary', '2023-10-09 12:04:05', 0, '2023-10-09 12:04:05', NULL, 1, 'pousser (par ex. pour les cheveux, les ongles), croitre, s\'allonger, grandir'),
(1541, 'kanji r', 'kanji f', 'kanji e', 'kanji', '2023-10-10 07:49:42', 0, '2023-10-10 07:49:42', NULL, 1, 'kanji'),
(1542, 'kanji', 'kanji f', 'kanji e', 'kanji', '2023-10-10 07:49:42', 0, '2023-10-10 07:49:42', NULL, 1, 'kanji r'),
(1543, 'Vocab r', 'Vocab f', 'Vocab e', 'vocabulary', '2023-10-10 07:50:02', 0, '2023-10-10 07:50:02', NULL, 1, 'Vocab'),
(1544, 'Vocab', 'Vocab f', 'Vocab e', 'vocabulary', '2023-10-10 07:50:02', 0, '2023-10-10 07:50:02', NULL, 1, 'Vocab r'),
(1545, 'grammaire r', 'grammaire f', 'grammaire e', 'grammar', '2023-10-10 07:50:25', 0, '2023-10-10 07:50:25', NULL, 1, 'grammaire'),
(1546, 'grammaire', 'grammaire f', 'grammaire e', 'grammar', '2023-10-10 07:50:25', 0, '2023-10-10 07:50:25', NULL, 1, 'grammaire r'),
(1547, 'verso', 'bzka', 'bla', 'kanji', '2023-10-10 07:52:11', 0, '2023-10-10 07:52:11', NULL, 1, 'recto'),
(1548, 'recto', 'bzka', 'bla', 'kanji', '2023-10-10 07:52:11', 0, '2023-10-10 07:52:11', NULL, 1, 'verso'),
(1549, 'devant', '', '', 'kanji', '2023-10-10 08:00:22', 0, '2023-10-10 08:00:22', NULL, 0, 'derriere'),
(1550, 'question', '', '', 'kanji', '2023-10-10 08:02:15', 0, '2023-10-10 08:02:15', NULL, 0, 'réponse'),
(1551, 'bonjour', '', '', 'kanji', '2023-10-10 08:03:56', 0, '2023-10-10 08:03:56', NULL, 0, 'au revoir'),
(1552, 'hheh', 'heo', 'hehoe', 'kanji', '2023-10-10 08:04:38', 0, '2023-10-10 08:04:38', NULL, 0, 'eh'),
(1553, 'rji', 'jir', 'rjie', 'vocabulary', '2023-10-10 08:04:46', 0, '2023-10-10 08:04:46', NULL, 1, 'ejrkej'),
(1554, 'ejrkej', 'jir', 'rjie', 'vocabulary', '2023-10-10 08:04:46', 0, '2023-10-10 08:04:46', NULL, 1, 'rji'),
(1555, 'réponse', 'rio', 'nri', 'kanji', '2023-10-10 08:11:01', 0, '2023-10-10 08:17:00', NULL, 1, 'supprimer'),
(1556, 'supprimer', 'rio', 'nri', 'kanji', '2023-10-10 08:11:01', 0, '2023-10-10 08:17:00', NULL, 1, 'réponse'),
(1557, 'njo', 'no', 'njo', 'vocabulary', '2023-10-10 08:11:12', 0, '2023-10-10 08:17:00', NULL, 1, 'suppression'),
(1558, 'suppression', 'no', 'njo', 'vocabulary', '2023-10-10 08:11:12', 0, '2023-10-10 08:17:00', NULL, 1, 'njo'),
(1559, 'hjij', 'no', 'no', 'grammar', '2023-10-10 08:11:22', 0, '2023-10-10 08:17:00', NULL, 1, 'suppression'),
(1560, 'suppression', 'no', 'no', 'grammar', '2023-10-10 08:11:22', 0, '2023-10-10 08:17:00', NULL, 1, 'hjij'),
(1563, 'x', 'x', 'x', 'vocabulary', '2023-10-10 08:55:52', 0, '2023-10-10 08:55:52', NULL, 1, 'x'),
(1564, 'x', 'x', 'x', 'vocabulary', '2023-10-10 08:55:52', 0, '2023-10-10 08:55:52', NULL, 1, 'x');

-- --------------------------------------------------------

--
-- Structure de la table `flashcard_deck`
--

DROP TABLE IF EXISTS `flashcard_deck`;
CREATE TABLE IF NOT EXISTS `flashcard_deck` (
  `flashcard_id` int(11) NOT NULL,
  `deck_id` int(11) NOT NULL,
  PRIMARY KEY (`flashcard_id`,`deck_id`),
  KEY `IDX_627CAED7C5D16576` (`flashcard_id`),
  KEY `IDX_627CAED7111948DC` (`deck_id`)
) ENGINE=InnoDB DEFAULT CHARSET=utf8mb4 COLLATE=utf8mb4_unicode_ci;

--
-- Déchargement des données de la table `flashcard_deck`
--

INSERT INTO `flashcard_deck` (`flashcard_id`, `deck_id`) VALUES
(1254, 304),
(1255, 304),
(1255, 317),
(1256, 294),
(1256, 333),
(1257, 316),
(1258, 302),
(1258, 316),
(1259, 323),
(1261, 321),
(1261, 334),
(1262, 313),
(1262, 329),
(1263, 289),
(1263, 318),
(1264, 297),
(1264, 306),
(1265, 325),
(1266, 297),
(1266, 325),
(1267, 310),
(1267, 315),
(1268, 302),
(1268, 315),
(1269, 333),
(1270, 318),
(1270, 333),
(1271, 315),
(1272, 315),
(1272, 330),
(1273, 305),
(1274, 305),
(1274, 333),
(1275, 305),
(1275, 329),
(1276, 293),
(1276, 296),
(1278, 323),
(1279, 304),
(1279, 323),
(1281, 327),
(1281, 334),
(1282, 322),
(1282, 336),
(1284, 319),
(1285, 293),
(1286, 293),
(1286, 332),
(1287, 293),
(1288, 293),
(1288, 329),
(1289, 306),
(1289, 317),
(1290, 307),
(1291, 307),
(1291, 327),
(1292, 298),
(1293, 298),
(1293, 310),
(1294, 322),
(1295, 297),
(1295, 322),
(1296, 306),
(1297, 306),
(1297, 333),
(1298, 318),
(1298, 321),
(1299, 331),
(1300, 289),
(1300, 331),
(1301, 289),
(1301, 297),
(1302, 313),
(1303, 302),
(1303, 313),
(1304, 298),
(1304, 318),
(1305, 313),
(1305, 332),
(1306, 299),
(1306, 338),
(1307, 300),
(1307, 338),
(1308, 315),
(1309, 315),
(1309, 338),
(1310, 289),
(1311, 289),
(1311, 304),
(1312, 289),
(1312, 310),
(1313, 303),
(1313, 308),
(1314, 326),
(1315, 326),
(1315, 327),
(1316, 319),
(1317, 300),
(1317, 319),
(1318, 317),
(1319, 317),
(1319, 323),
(1320, 305),
(1320, 317),
(1321, 336),
(1322, 300),
(1322, 336),
(1323, 326),
(1324, 322),
(1324, 326),
(1325, 304),
(1325, 322),
(1326, 315),
(1326, 329),
(1327, 297),
(1328, 297),
(1328, 338),
(1329, 306),
(1330, 306),
(1330, 332),
(1331, 332),
(1332, 289),
(1332, 332),
(1333, 307),
(1333, 334),
(1334, 298),
(1335, 317),
(1335, 324),
(1336, 319),
(1337, 319),
(1337, 334),
(1338, 300),
(1338, 307),
(1339, 303),
(1340, 303),
(1340, 307),
(1343, 327),
(1343, 338),
(1344, 300),
(1345, 300),
(1345, 318),
(1346, 300),
(1346, 316),
(1347, 319),
(1347, 327),
(1348, 314),
(1349, 293),
(1349, 314),
(1350, 336),
(1351, 298),
(1351, 336),
(1352, 308),
(1353, 302),
(1353, 308),
(1354, 304),
(1355, 304),
(1355, 329),
(1356, 304),
(1356, 320),
(1357, 317),
(1358, 317),
(1358, 331),
(1359, 292),
(1359, 309),
(1360, 324),
(1360, 334),
(1362, 298),
(1362, 307),
(1363, 308),
(1363, 313),
(1364, 292),
(1364, 331),
(1365, 303),
(1365, 328),
(1366, 335),
(1366, 337),
(1367, 322),
(1367, 324),
(1368, 333),
(1369, 322),
(1369, 333),
(1370, 320),
(1371, 314),
(1371, 316),
(1372, 300),
(1372, 335),
(1373, 311),
(1374, 312),
(1374, 315),
(1375, 292),
(1375, 295),
(1376, 333),
(1377, 294),
(1377, 333),
(1378, 338),
(1379, 319),
(1379, 338),
(1380, 321),
(1381, 300),
(1381, 321),
(1382, 295),
(1382, 334),
(1383, 298),
(1383, 313),
(1384, 299),
(1384, 328),
(1385, 298),
(1385, 329),
(1386, 289),
(1386, 314),
(1387, 291),
(1387, 314),
(1388, 308),
(1389, 295),
(1389, 308),
(1390, 289),
(1391, 289),
(1391, 309),
(1392, 307),
(1393, 304),
(1393, 307),
(1394, 312),
(1395, 312),
(1395, 324),
(1396, 296),
(1396, 323),
(1397, 296),
(1397, 326),
(1398, 298),
(1399, 298),
(1399, 331),
(1400, 293),
(1401, 293),
(1401, 311),
(1402, 310),
(1402, 327),
(1403, 309),
(1403, 333),
(1404, 327),
(1405, 327),
(1405, 330),
(1406, 335),
(1407, 310),
(1407, 335),
(1408, 310),
(1408, 325),
(1409, 318),
(1410, 302),
(1410, 318),
(1411, 293),
(1411, 312),
(1412, 297),
(1413, 297),
(1413, 321),
(1415, 311),
(1416, 293),
(1417, 293),
(1417, 299),
(1418, 314),
(1418, 329),
(1419, 310),
(1420, 294),
(1420, 310),
(1421, 297),
(1421, 321),
(1422, 305),
(1422, 316),
(1423, 314),
(1424, 314),
(1424, 324),
(1425, 312),
(1426, 299),
(1426, 312),
(1427, 303),
(1428, 303),
(1429, 310),
(1430, 306),
(1430, 310),
(1431, 311),
(1431, 335),
(1432, 320),
(1432, 321),
(1433, 316),
(1434, 316),
(1434, 327),
(1435, 319),
(1435, 325),
(1436, 293),
(1437, 293),
(1437, 299),
(1438, 297),
(1439, 297),
(1439, 309),
(1440, 291),
(1440, 292),
(1441, 297),
(1441, 316),
(1442, 297),
(1442, 307),
(1443, 289),
(1443, 303),
(1444, 317),
(1445, 289),
(1445, 317),
(1446, 309),
(1447, 309),
(1447, 328),
(1448, 318),
(1449, 314),
(1449, 318),
(1450, 304),
(1450, 314),
(1451, 330),
(1451, 332),
(1452, 309),
(1453, 292),
(1453, 309),
(1454, 332),
(1455, 290),
(1455, 332),
(1456, 296),
(1456, 321),
(1457, 314),
(1458, 314),
(1459, 293),
(1459, 308),
(1460, 295),
(1461, 289),
(1461, 295),
(1462, 296),
(1463, 296),
(1463, 332),
(1464, 316),
(1464, 322),
(1465, 312),
(1466, 311),
(1466, 312),
(1467, 312),
(1467, 316),
(1468, 296),
(1469, 296),
(1469, 312),
(1470, 306),
(1470, 332),
(1471, 331),
(1472, 297),
(1472, 331),
(1473, 320),
(1474, 295),
(1474, 320),
(1475, 332),
(1475, 337),
(1477, 319),
(1478, 319),
(1489, 319),
(1490, 319),
(1491, 319),
(1492, 319),
(1511, 352),
(1511, 358),
(1512, 352),
(1512, 358),
(1513, 352),
(1513, 358),
(1514, 352),
(1514, 358),
(1515, 352),
(1515, 358),
(1516, 352),
(1516, 358),
(1517, 352),
(1517, 358),
(1518, 352),
(1518, 358),
(1519, 352),
(1519, 358),
(1520, 352),
(1520, 358),
(1521, 352),
(1521, 358),
(1522, 352),
(1522, 358),
(1523, 352),
(1523, 358),
(1524, 352),
(1524, 358),
(1525, 353),
(1526, 353),
(1527, 353),
(1528, 353),
(1529, 353),
(1530, 353),
(1531, 353),
(1532, 353),
(1533, 354),
(1534, 354),
(1535, 354),
(1536, 354),
(1537, 354),
(1538, 354),
(1539, 354),
(1540, 354),
(1555, 363),
(1556, 363),
(1557, 363),
(1558, 363),
(1559, 363),
(1560, 363),
(1563, 365),
(1564, 365);

-- --------------------------------------------------------

--
-- Structure de la table `flashcard_grammar`
--

DROP TABLE IF EXISTS `flashcard_grammar`;
CREATE TABLE IF NOT EXISTS `flashcard_grammar` (
  `id` int(11) NOT NULL,
  `construction` varchar(255) COLLATE utf8mb4_unicode_ci NOT NULL,
  `grammarnotes` varchar(255) COLLATE utf8mb4_unicode_ci DEFAULT NULL,
  PRIMARY KEY (`id`)
) ENGINE=InnoDB DEFAULT CHARSET=utf8mb4 COLLATE=utf8mb4_unicode_ci;

--
-- Déchargement des données de la table `flashcard_grammar`
--

INSERT INTO `flashcard_grammar` (`id`, `construction`, `grammarnotes`) VALUES
(1329, 'GrammarConstruction 0', 'GrammarNotes 0'),
(1330, 'GrammarConstruction 0', 'GrammarNotes 0'),
(1331, 'GrammarConstruction 1', 'GrammarNotes 1'),
(1332, 'GrammarConstruction 1', 'GrammarNotes 1'),
(1333, 'GrammarConstruction 2', 'GrammarNotes 2'),
(1334, 'GrammarConstruction 3', 'GrammarNotes 3'),
(1335, 'GrammarConstruction 4', 'GrammarNotes 4'),
(1336, 'GrammarConstruction 5', 'GrammarNotes 5'),
(1337, 'GrammarConstruction 5', 'GrammarNotes 5'),
(1338, 'GrammarConstruction 6', 'GrammarNotes 6'),
(1339, 'GrammarConstruction 7', 'GrammarNotes 7'),
(1340, 'GrammarConstruction 7', 'GrammarNotes 7'),
(1343, 'GrammarConstruction 9', 'GrammarNotes 9'),
(1344, 'GrammarConstruction 10', 'GrammarNotes 10'),
(1345, 'GrammarConstruction 10', 'GrammarNotes 10'),
(1346, 'GrammarConstruction 11', 'GrammarNotes 11'),
(1347, 'GrammarConstruction 12', 'GrammarNotes 12'),
(1348, 'GrammarConstruction 13', 'GrammarNotes 13'),
(1349, 'GrammarConstruction 13', 'GrammarNotes 13'),
(1350, 'GrammarConstruction 14', 'GrammarNotes 14'),
(1351, 'GrammarConstruction 14', 'GrammarNotes 14'),
(1352, 'GrammarConstruction 15', 'GrammarNotes 15'),
(1353, 'GrammarConstruction 15', 'GrammarNotes 15'),
(1354, 'GrammarConstruction 16', 'GrammarNotes 16'),
(1355, 'GrammarConstruction 16', 'GrammarNotes 16'),
(1356, 'GrammarConstruction 17', 'GrammarNotes 17'),
(1357, 'GrammarConstruction 18', 'GrammarNotes 18'),
(1358, 'GrammarConstruction 18', 'GrammarNotes 18'),
(1359, 'GrammarConstruction 19', 'GrammarNotes 19'),
(1360, 'GrammarConstruction 20', 'GrammarNotes 20'),
(1362, 'GrammarConstruction 22', 'GrammarNotes 22'),
(1363, 'GrammarConstruction 23', 'GrammarNotes 23'),
(1364, 'GrammarConstruction 24', 'GrammarNotes 24'),
(1365, 'GrammarConstruction 25', 'GrammarNotes 25'),
(1366, 'GrammarConstruction 26', 'GrammarNotes 26'),
(1367, 'GrammarConstruction 27', 'GrammarNotes 27'),
(1368, 'GrammarConstruction 28', 'GrammarNotes 28'),
(1369, 'GrammarConstruction 28', 'GrammarNotes 28'),
(1370, 'GrammarConstruction 29', 'GrammarNotes 29'),
(1371, 'GrammarConstruction 30', 'GrammarNotes 30'),
(1372, 'GrammarConstruction 31', 'GrammarNotes 31'),
(1373, 'GrammarConstruction 32', 'GrammarNotes 32'),
(1374, 'GrammarConstruction 33', 'GrammarNotes 33'),
(1375, 'GrammarConstruction 34', 'GrammarNotes 34'),
(1376, 'GrammarConstruction 35', 'GrammarNotes 35'),
(1377, 'GrammarConstruction 35', 'GrammarNotes 35'),
(1378, 'GrammarConstruction 36', 'GrammarNotes 36'),
(1379, 'GrammarConstruction 36', 'GrammarNotes 36'),
(1380, 'GrammarConstruction 37', 'GrammarNotes 37'),
(1381, 'GrammarConstruction 37', 'GrammarNotes 37'),
(1382, 'GrammarConstruction 38', 'GrammarNotes 38'),
(1383, 'GrammarConstruction 39', 'GrammarNotes 39'),
(1384, 'GrammarConstruction 40', 'GrammarNotes 40'),
(1385, 'GrammarConstruction 41', 'GrammarNotes 41'),
(1386, 'GrammarConstruction 42', 'GrammarNotes 42'),
(1387, 'GrammarConstruction 43', 'GrammarNotes 43'),
(1388, 'GrammarConstruction 44', 'GrammarNotes 44'),
(1389, 'GrammarConstruction 44', 'GrammarNotes 44'),
(1390, 'GrammarConstruction 45', 'GrammarNotes 45'),
(1391, 'GrammarConstruction 45', 'GrammarNotes 45'),
(1392, 'GrammarConstruction 46', 'GrammarNotes 46'),
(1393, 'GrammarConstruction 46', 'GrammarNotes 46'),
(1394, 'GrammarConstruction 47', 'GrammarNotes 47'),
(1395, 'GrammarConstruction 47', 'GrammarNotes 47'),
(1396, 'GrammarConstruction 48', 'GrammarNotes 48'),
(1397, 'GrammarConstruction 49', 'GrammarNotes 49'),
(1496, 're', 'rz'),
(1497, 're', 'rz'),
(1507, 'Construction ', 'Notes'),
(1508, 'Construction ', 'Notes'),
(1511, 'V-ます+にくい', 'やすい facile à faire'),
(1512, 'V-ます+にくい', 'やすい facile à faire'),
(1513, 'V-ます+やすい', 'にくい difficile'),
(1514, 'V-ます+やすい', 'にくい difficile'),
(1515, 'Nにする', 'comme ことにするsauf que c\'est pour les nom'),
(1516, 'Nにする', 'comme ことにするsauf que c\'est pour les nom'),
(1517, 'Nとんと、どちらが・・・', NULL),
(1518, 'Nとんと、どちらが・・・', NULL),
(1519, 'V-ます Adj-い-な+すぎる', ''),
(1520, 'V-ます Adj-い-な+すぎる', ''),
(1521, 'Forme て', '(souvent émotion ou incapacité)'),
(1522, 'Forme て', '(souvent émotion ou incapacité)'),
(1523, 'Forme て+も', 'comme のに sauf que c\'est utilisé pour des faits, pas d\'émotion'),
(1524, 'Forme て+も', 'comme のに sauf que c\'est utilisé pour des faits, pas d\'émotion'),
(1545, 'grammaire cg', 'grammaire n'),
(1546, 'grammaire cg', 'grammaire n'),
(1559, 'no', 'nok'),
(1560, 'no', 'nok');

-- --------------------------------------------------------

--
-- Structure de la table `flashcard_kanji`
--

DROP TABLE IF EXISTS `flashcard_kanji`;
CREATE TABLE IF NOT EXISTS `flashcard_kanji` (
  `id` int(11) NOT NULL,
  `onyomi` varchar(60) COLLATE utf8mb4_unicode_ci DEFAULT NULL,
  `kunyomi` varchar(60) COLLATE utf8mb4_unicode_ci DEFAULT NULL,
  `mnemotic` varchar(255) COLLATE utf8mb4_unicode_ci DEFAULT NULL,
  PRIMARY KEY (`id`)
) ENGINE=InnoDB DEFAULT CHARSET=utf8mb4 COLLATE=utf8mb4_unicode_ci;

--
-- Déchargement des données de la table `flashcard_kanji`
--

INSERT INTO `flashcard_kanji` (`id`, `onyomi`, `kunyomi`, `mnemotic`) VALUES
(1254, 'Onyomi 0', 'Kunyomi 0', 'Kanji 0'),
(1255, 'Onyomi 0', 'Kunyomi 0', 'Mnemotic 0'),
(1256, 'Onyomi 1', 'Kunyomi 1', 'Mnemotic 1'),
(1257, 'Onyomi 2', 'Kunyomi 2', 'Kanji 2'),
(1258, 'Onyomi 2', 'Kunyomi 2', 'Mnemotic 2'),
(1259, 'Onyomi 3', 'Kunyomi 3', 'Kanji 3'),
(1261, 'Onyomi 4', 'Kunyomi 4', 'Mnemotic 4'),
(1262, 'Onyomi 5', 'Kunyomi 5', 'Mnemotic 5'),
(1263, 'Onyomi 6', 'Kunyomi 6', 'Mnemotic 6'),
(1264, 'Onyomi 7', 'Kunyomi 7', 'Mnemotic 7'),
(1265, 'Onyomi 8', 'Kunyomi 8', 'Kanji 8'),
(1266, 'Onyomi 8', 'Kunyomi 8', 'Mnemotic 8'),
(1267, 'Onyomi 9', 'Kunyomi 9', 'Mnemotic 9'),
(1268, 'Onyomi 10', 'Kunyomi 10', 'Mnemotic 10'),
(1269, 'Onyomi 11', 'Kunyomi 11', 'Kanji 11'),
(1270, 'Onyomi 11', 'Kunyomi 11', 'Mnemotic 11'),
(1271, 'Onyomi 12', 'Kunyomi 12', 'Kanji 12'),
(1272, 'Onyomi 12', 'Kunyomi 12', 'Mnemotic 12'),
(1273, 'Onyomi 13', 'Kunyomi 13', 'Kanji 13'),
(1274, 'Onyomi 13', 'Kunyomi 13', 'Mnemotic 13'),
(1275, 'Onyomi 14', 'Kunyomi 14', 'Mnemotic 14'),
(1276, 'Onyomi 15', 'Kunyomi 15', 'Mnemotic 15'),
(1278, 'Onyomi 17', 'Kunyomi 17', 'Kanji 17'),
(1279, 'Onyomi 17', 'Kunyomi 17', 'Mnemotic 17'),
(1281, 'Onyomi 19', 'Kunyomi 19', 'Mnemotic 19'),
(1282, 'Onyomi 20', 'Kunyomi 20', 'Mnemotic 20'),
(1284, 'Onyomi 21', 'Kunyomi 21', 'Mnemotic 21'),
(1285, 'Onyomi 22', 'Kunyomi 22', 'Kanji 22'),
(1286, 'Onyomi 22', 'Kunyomi 22', 'Mnemotic 22'),
(1287, 'Onyomi 23', 'Kunyomi 23', 'Kanji 23'),
(1288, 'Onyomi 23', 'Kunyomi 23', 'Mnemotic 23'),
(1289, 'Onyomi 24', 'Kunyomi 24', 'Mnemotic 24'),
(1290, 'Onyomi 25', 'Kunyomi 25', 'Kanji 25'),
(1291, 'Onyomi 25', 'Kunyomi 25', 'Mnemotic 25'),
(1292, 'Onyomi 26', 'Kunyomi 26', 'Kanji 26'),
(1293, 'Onyomi 26', 'Kunyomi 26', 'Mnemotic 26'),
(1294, 'Onyomi 27', 'Kunyomi 27', 'Kanji 27'),
(1295, 'Onyomi 27', 'Kunyomi 27', 'Mnemotic 27'),
(1296, 'Onyomi 28', 'Kunyomi 28', 'Kanji 28'),
(1297, 'Onyomi 28', 'Kunyomi 28', 'Mnemotic 28'),
(1298, 'Onyomi 29', 'Kunyomi 29', 'Mnemotic 29'),
(1299, 'Onyomi 30', 'Kunyomi 30', 'Kanji 30'),
(1300, 'Onyomi 30', 'Kunyomi 30', 'Mnemotic 30'),
(1301, 'Onyomi 31', 'Kunyomi 31', 'Mnemotic 31'),
(1302, 'Onyomi 32', 'Kunyomi 32', 'Kanji 32'),
(1303, 'Onyomi 32', 'Kunyomi 32', 'Mnemotic 32'),
(1304, 'Onyomi 33', 'Kunyomi 33', 'Mnemotic 33'),
(1305, 'Onyomi 34', 'Kunyomi 34', 'Mnemotic 34'),
(1306, 'Onyomi 35', 'Kunyomi 35', 'Mnemotic 35'),
(1307, 'Onyomi 36', 'Kunyomi 36', 'Mnemotic 36'),
(1308, 'Onyomi 37', 'Kunyomi 37', 'Kanji 37'),
(1309, 'Onyomi 37', 'Kunyomi 37', 'Mnemotic 37'),
(1310, 'Onyomi 38', 'Kunyomi 38', 'Kanji 38'),
(1311, 'Onyomi 38', 'Kunyomi 38', 'Mnemotic 38'),
(1312, 'Onyomi 39', 'Kunyomi 39', 'Mnemotic 39'),
(1313, 'Onyomi 40', 'Kunyomi 40', 'Mnemotic 40'),
(1314, 'Onyomi 41', 'Kunyomi 41', 'Kanji 41'),
(1315, 'Onyomi 41', 'Kunyomi 41', 'Mnemotic 41'),
(1316, 'Onyomi 42', 'Kunyomi 42', 'Kanji 42'),
(1317, 'Onyomi 42', 'Kunyomi 42', 'Mnemotic 42'),
(1318, 'Onyomi 43', 'Kunyomi 43', 'Kanji 43'),
(1319, 'Onyomi 43', 'Kunyomi 43', 'Mnemotic 43'),
(1320, 'Onyomi 44', 'Kunyomi 44', 'Mnemotic 44'),
(1321, 'Onyomi 45', 'Kunyomi 45', 'Kanji 45'),
(1322, 'Onyomi 45', 'Kunyomi 45', 'Mnemotic 45'),
(1323, 'Onyomi 46', 'Kunyomi 46', 'Kanji 46'),
(1324, 'Onyomi 46', 'Kunyomi 46', 'Mnemotic 46'),
(1325, 'Onyomi 47', 'Kunyomi 47', 'Mnemotic 47'),
(1326, 'Onyomi 48', 'Kunyomi 48', 'Mnemotic 48'),
(1327, 'Onyomi 49', 'Kunyomi 49', 'Kanji 49'),
(1328, 'Onyomi 49', 'Kunyomi 49', 'Mnemotic 49'),
(1477, 'onyoàmi', 'kunyomi', 'aide'),
(1478, 'onyoàmi et rer re ffffff', 'kunyomi btt fffffffffff', 'aide trezrz ffffffffff'),
(1485, 'y', 'y', 'y'),
(1486, 'y', 'y', 'y'),
(1489, 't', 't', 't'),
(1490, 't', 't', 't'),
(1491, 'tttt', 'ttt', 'tttt'),
(1492, 'Lecture onyomi', 'Lecture kunyomi', 'Aide mnémotechnique'),
(1493, 'A deviner', 'A deviner', 'A deviner'),
(1499, 'set', 'test', 'ett'),
(1500, 'set', 'test', 'ett'),
(1501, 'te', 'et', 'tee'),
(1502, 'te', 'et', 'tee'),
(1503, 'onyomi', 'kunyomi', 'mnémotechnique'),
(1504, 'onyomi', 'kunyomi', 'mnémotechnique'),
(1509, 'r', 'r', 'r'),
(1510, 'r', 'r', 'r'),
(1535, ' ショウ', ' きず | いた.む | いた.める', ''),
(1536, ' ショウ', ' きず | いた.む | いた.める', ''),
(1537, 'シン ', 'の.びる | の.ばす | の.べる | の.す ', NULL),
(1538, 'シン ', 'の.びる | の.ばす | の.べる | の.す ', NULL),
(1541, 'kanji o', 'kanji k', 'kanji am'),
(1542, 'kanji o', 'kanji k', 'kanji am'),
(1547, 'bkz', 'bz', 'zbj'),
(1548, 'bkz', 'bz', 'zbj'),
(1549, '', '', ''),
(1550, '', '', ''),
(1551, '', '', ''),
(1552, 'hie', 'he', 'he'),
(1555, 'ri', 'onio', 'no'),
(1556, 'ri', 'onio', 'no');

-- --------------------------------------------------------

--
-- Structure de la table `flashcard_modification`
--

DROP TABLE IF EXISTS `flashcard_modification`;
CREATE TABLE IF NOT EXISTS `flashcard_modification` (
  `id` int(11) NOT NULL AUTO_INCREMENT,
  `user_id` int(11) DEFAULT NULL,
  `flashcard_id` int(11) DEFAULT NULL,
  `deck_id` int(11) NOT NULL,
  `furigana` varchar(255) COLLATE utf8mb4_unicode_ci DEFAULT NULL,
  `example` varchar(255) COLLATE utf8mb4_unicode_ci DEFAULT NULL,
  `onyomi` varchar(60) COLLATE utf8mb4_unicode_ci DEFAULT NULL,
  `kunyomi` varchar(60) COLLATE utf8mb4_unicode_ci DEFAULT NULL,
  `front` varchar(255) COLLATE utf8mb4_unicode_ci DEFAULT NULL,
  `back` varchar(255) COLLATE utf8mb4_unicode_ci DEFAULT NULL,
  `mnemotic` varchar(255) COLLATE utf8mb4_unicode_ci DEFAULT NULL,
  `construction` varchar(255) COLLATE utf8mb4_unicode_ci DEFAULT NULL,
  `grammarnotes` varchar(255) COLLATE utf8mb4_unicode_ci DEFAULT NULL,
  `synonym` varchar(255) COLLATE utf8mb4_unicode_ci DEFAULT NULL,
  `antonym` varchar(255) COLLATE utf8mb4_unicode_ci DEFAULT NULL,
  PRIMARY KEY (`id`),
  KEY `IDX_9BFCCF72A76ED395` (`user_id`),
  KEY `IDX_9BFCCF72C5D16576` (`flashcard_id`),
  KEY `IDX_9BFCCF72111948DC` (`deck_id`)
) ENGINE=InnoDB AUTO_INCREMENT=216 DEFAULT CHARSET=utf8mb4 COLLATE=utf8mb4_unicode_ci;

--
-- Déchargement des données de la table `flashcard_modification`
--

INSERT INTO `flashcard_modification` (`id`, `user_id`, `flashcard_id`, `deck_id`, `furigana`, `example`, `onyomi`, `kunyomi`, `front`, `back`, `mnemotic`, `construction`, `grammarnotes`, `synonym`, `antonym`) VALUES
(175, 129, 1317, 300, 'M KaFurigananji 0', 'M Example 0', 'M Onyomi 0', 'M Kunyomi 0', 'M Front 0', 'M Back 0', 'M Mnemotic 0', NULL, NULL, NULL, NULL),
(176, 128, 1349, 293, 'M KaFurigananji 1', 'M Example 1', NULL, NULL, 'M Front 1', 'M Back 1', NULL, 'M construction 1', 'M GrammarNotes 1', NULL, NULL),
(177, 142, 1379, 319, 'M KaFurigananji 8', 'M Example 8', NULL, NULL, 'M Front 8', 'M Back 8', NULL, 'M construction 8', 'M GrammarNotes 8', NULL, NULL),
(178, 141, 1421, 321, 'M KaFurigananji 9', 'M Example 9', NULL, NULL, 'M Front 9', 'M Back 9', NULL, NULL, NULL, 'M Synonym 9', 'M Antonym 9'),
(179, 130, 1430, 310, 'M KaFurigananji 10', 'M Example 10', NULL, NULL, 'M Front 10', 'M Back 10', NULL, NULL, NULL, 'M Synonym 10', 'M Antonym 10'),
(180, 127, 1442, 307, 'M KaFurigananji 12', 'M Example 12', NULL, NULL, 'M Front 12', 'M Back 12', NULL, NULL, NULL, 'M Synonym 12', 'M Antonym 12'),
(181, 141, 1432, 321, 'M KaFurigananji 21', 'M Example 21', NULL, NULL, 'M Front 21', 'M Back 21', NULL, NULL, NULL, 'M Synonym 21', 'M Antonym 21'),
(182, 130, 1355, 304, 'M KaFurigananji 26', 'M Example 26', NULL, NULL, 'M Front 26', 'M Back 26', NULL, 'M construction 26', 'M GrammarNotes 26', NULL, NULL),
(183, 129, 1431, 335, 'M KaFurigananji 30', 'M Example 30', NULL, NULL, 'M Front 30', 'M Back 30', NULL, NULL, NULL, 'M Synonym 30', 'M Antonym 30'),
(184, 124, 1389, 295, 'M KaFurigananji 33', 'M Example 33', NULL, NULL, 'M Front 33', 'M Back 33', NULL, 'M construction 33', 'M GrammarNotes 33', NULL, NULL),
(185, 136, 1440, 292, 'M KaFurigananji 34', 'M Example 34', NULL, NULL, 'M Front 34', 'M Back 34', NULL, NULL, NULL, 'M Synonym 34', 'M Antonym 34'),
(186, 130, 1430, 310, 'M KaFurigananji 36', 'M Example 36', NULL, NULL, 'M Front 36', 'M Back 36', NULL, NULL, NULL, 'M Synonym 36', 'M Antonym 36'),
(187, 124, 1428, 303, 'M KaFurigananji 38', 'M Example 38', NULL, NULL, 'M Front 38', 'M Back 38', NULL, NULL, NULL, 'M Synonym 38', 'M Antonym 38'),
(188, 124, 1428, 303, 'M KaFurigananji 41', 'M Example 41', NULL, NULL, 'M Front 41', 'M Back 41', NULL, NULL, NULL, 'M Synonym 41', 'M Antonym 41'),
(189, 135, 1396, 296, 'M KaFurigananji 42', 'M Example 42', NULL, NULL, 'M Front 42', 'M Back 42', NULL, 'M construction 42', 'M GrammarNotes 42', NULL, NULL),
(190, 127, 1262, 313, 'M KaFurigananji 43', 'M Example 43', 'M Onyomi 43', 'M Kunyomi 43', 'M Front 43', 'M Back 43', 'M Mnemotic 43', NULL, NULL, NULL, NULL),
(191, 130, 1332, 332, 'M KaFurigananji 46', 'M Example 46', NULL, NULL, 'M Front 46', 'M Back 46', NULL, 'M construction 46', 'M GrammarNotes 46', NULL, NULL),
(192, 125, 1475, 337, 'M KaFurigananji 48', 'M Example 48', NULL, NULL, 'M Front 48', 'M Back 48', NULL, NULL, NULL, 'M Synonym 48', 'M Antonym 48'),
(193, 127, 1305, 313, 'M KaFurigananji 49', 'M Example 49', 'M Onyomi 49', 'M Kunyomi 49', 'M Front 49', 'M Back 49', 'M Mnemotic 49', NULL, NULL, NULL, NULL),
(194, 133, 1442, 297, 'M KaFurigananji 51', 'M Example 51', NULL, NULL, 'M Front 51', 'M Back 51', NULL, NULL, NULL, 'M Synonym 51', 'M Antonym 51'),
(195, 125, 1475, 337, 'M KaFurigananji 52', 'M Example 52', NULL, NULL, 'M Front 52', 'M Back 52', NULL, NULL, NULL, 'M Synonym 52', 'M Antonym 52'),
(196, 141, 1384, 299, 'M KaFurigananji 56', 'M Example 56', NULL, NULL, 'M Front 56', 'M Back 56', NULL, 'M construction 56', 'M GrammarNotes 56', NULL, NULL),
(197, 141, 1306, 299, 'M KaFurigananji 58', 'M Example 58', 'M Onyomi 58', 'M Kunyomi 58', 'M Front 58', 'M Back 58', 'M Mnemotic 58', NULL, NULL, NULL, NULL),
(198, 136, 1440, 292, 'M KaFurigananji 61', 'M Example 61', NULL, NULL, 'M Front 61', 'M Back 61', NULL, NULL, NULL, 'M Synonym 61', 'M Antonym 61'),
(199, 139, 1455, 290, 'M KaFurigananji 62', 'M Example 62', NULL, NULL, 'M Front 62', 'M Back 62', NULL, NULL, NULL, 'M Synonym 62', 'M Antonym 62'),
(200, 127, 1364, 331, 'M KaFurigananji 69', 'M Example 69', NULL, NULL, 'M Front 69', 'M Back 69', NULL, 'M construction 69', 'M GrammarNotes 69', NULL, NULL),
(201, 127, 1305, 313, 'M KaFurigananji 70', 'M Example 70', 'M Onyomi 70', 'M Kunyomi 70', 'M Front 70', 'M Back 70', 'M Mnemotic 70', NULL, NULL, NULL, NULL),
(202, 130, 1393, 304, 'M KaFurigananji 72', 'M Example 72', NULL, NULL, 'M Front 72', 'M Back 72', NULL, 'M construction 72', 'M GrammarNotes 72', NULL, NULL),
(203, 128, 1276, 293, 'M KaFurigananji 76', 'M Example 76', 'M Onyomi 76', 'M Kunyomi 76', 'M Front 76', 'M Back 76', 'M Mnemotic 76', NULL, NULL, NULL, NULL),
(205, 137, 1408, 325, 'M KaFurigananji 84', 'M Example 84', NULL, NULL, 'M Front 84', 'M Back 84', NULL, NULL, NULL, 'M Synonym 84', 'M Antonym 84'),
(206, 127, 1449, 318, 'M KaFurigananji 87', 'M Example 87', NULL, NULL, 'M Front 87', 'M Back 87', NULL, NULL, NULL, 'M Synonym 87', 'M Antonym 87'),
(207, 126, 1347, 327, 'M KaFurigananji 89', 'M Example 89', NULL, NULL, 'M Front 89', 'M Back 89', NULL, 'M construction 89', 'M GrammarNotes 89', NULL, NULL),
(208, 124, 1330, 306, 'M KaFurigananji 92', 'M Example 92', NULL, NULL, 'M Front 92', 'M Back 92', NULL, 'M construction 92', 'M GrammarNotes 92', NULL, NULL),
(209, 123, 1461, 289, 'M KaFurigananji 93', 'M Example 93', NULL, NULL, 'M Front 93', 'M Back 93', NULL, NULL, NULL, 'M Synonym 93', 'M Antonym 93'),
(210, 123, 1261, 334, 'M KaFurigananji 99', 'M Example 99', 'M Onyomi 99', 'M Kunyomi 99', 'M Front 99', 'M Back 99', 'M Mnemotic 99', NULL, NULL, NULL, NULL),
(214, 144, 1556, 363, 'rio', 'nri', 'ri', 'onio', 'supprimer modifié par loulou', 'réponse', 'no', NULL, NULL, NULL, NULL);

-- --------------------------------------------------------

--
-- Structure de la table `flashcard_user`
--

DROP TABLE IF EXISTS `flashcard_user`;
CREATE TABLE IF NOT EXISTS `flashcard_user` (
  `flashcard_id` int(11) NOT NULL,
  `user_id` int(11) NOT NULL,
  PRIMARY KEY (`flashcard_id`,`user_id`),
  KEY `IDX_A0434EA9C5D16576` (`flashcard_id`),
  KEY `IDX_A0434EA9A76ED395` (`user_id`)
) ENGINE=InnoDB DEFAULT CHARSET=utf8mb4 COLLATE=utf8mb4_unicode_ci;

--
-- Déchargement des données de la table `flashcard_user`
--

INSERT INTO `flashcard_user` (`flashcard_id`, `user_id`) VALUES
(1254, 130),
(1255, 130),
(1256, 123),
(1257, 123),
(1258, 123),
(1259, 136),
(1261, 123),
(1262, 127),
(1262, 136),
(1263, 127),
(1264, 133),
(1265, 137),
(1266, 137),
(1267, 139),
(1268, 139),
(1269, 123),
(1270, 123),
(1271, 139),
(1272, 139),
(1273, 133),
(1274, 133),
(1275, 136),
(1276, 128),
(1278, 136),
(1279, 136),
(1281, 126),
(1282, 125),
(1284, 142),
(1285, 128),
(1286, 128),
(1287, 128),
(1288, 128),
(1289, 124),
(1290, 127),
(1291, 127),
(1292, 130),
(1293, 130),
(1294, 138),
(1295, 138),
(1296, 124),
(1297, 124),
(1298, 141),
(1299, 127),
(1300, 127),
(1301, 133),
(1302, 127),
(1303, 127),
(1304, 127),
(1305, 127),
(1306, 141),
(1307, 129),
(1308, 139),
(1309, 139),
(1310, 123),
(1311, 123),
(1312, 123),
(1313, 124),
(1314, 123),
(1315, 123),
(1316, 142),
(1317, 129),
(1317, 142),
(1318, 141),
(1319, 141),
(1320, 133),
(1321, 125),
(1322, 125),
(1323, 123),
(1324, 123),
(1325, 138),
(1326, 139),
(1327, 133),
(1328, 133),
(1329, 124),
(1330, 124),
(1331, 130),
(1332, 130),
(1333, 123),
(1334, 130),
(1335, 124),
(1336, 142),
(1337, 142),
(1338, 129),
(1339, 124),
(1340, 124),
(1343, 126),
(1344, 129),
(1345, 129),
(1346, 123),
(1347, 126),
(1347, 142),
(1348, 140),
(1349, 128),
(1349, 140),
(1350, 125),
(1351, 125),
(1352, 134),
(1353, 134),
(1354, 130),
(1355, 130),
(1356, 141),
(1357, 141),
(1358, 141),
(1359, 131),
(1360, 123),
(1362, 127),
(1363, 127),
(1364, 127),
(1365, 129),
(1366, 129),
(1367, 124),
(1368, 123),
(1369, 123),
(1370, 141),
(1371, 123),
(1372, 129),
(1373, 129),
(1374, 139),
(1375, 136),
(1376, 123),
(1377, 123),
(1378, 135),
(1379, 135),
(1379, 142),
(1380, 141),
(1381, 141),
(1382, 123),
(1383, 130),
(1384, 129),
(1384, 141),
(1385, 136),
(1386, 123),
(1387, 124),
(1388, 134),
(1389, 124),
(1389, 134),
(1390, 123),
(1391, 123),
(1392, 127),
(1393, 127),
(1393, 130),
(1394, 139),
(1395, 139),
(1396, 135),
(1396, 136),
(1397, 123),
(1398, 130),
(1399, 130),
(1400, 128),
(1401, 128),
(1402, 130),
(1403, 131),
(1404, 126),
(1405, 126),
(1406, 129),
(1407, 129),
(1408, 130),
(1408, 137),
(1409, 127),
(1410, 127),
(1411, 139),
(1412, 133),
(1413, 133),
(1415, 142),
(1416, 128),
(1417, 128),
(1418, 136),
(1419, 130),
(1420, 130),
(1421, 133),
(1421, 141),
(1422, 133),
(1423, 140),
(1424, 140),
(1425, 139),
(1426, 139),
(1427, 124),
(1428, 124),
(1429, 130),
(1430, 130),
(1431, 129),
(1432, 141),
(1433, 123),
(1434, 123),
(1435, 142),
(1436, 128),
(1437, 128),
(1438, 133),
(1439, 133),
(1440, 136),
(1441, 133),
(1442, 127),
(1442, 133),
(1443, 123),
(1444, 141),
(1445, 141),
(1446, 131),
(1447, 131),
(1448, 127),
(1449, 127),
(1450, 130),
(1451, 140),
(1452, 131),
(1453, 131),
(1454, 130),
(1455, 130),
(1455, 139),
(1456, 141),
(1457, 140),
(1458, 140),
(1459, 134),
(1460, 124),
(1461, 123),
(1461, 124),
(1462, 135),
(1463, 135),
(1464, 123),
(1465, 139),
(1466, 139),
(1467, 139),
(1468, 135),
(1469, 135),
(1470, 124),
(1471, 127),
(1472, 127),
(1473, 141),
(1474, 141),
(1475, 125),
(1477, 142),
(1478, 142),
(1485, 142),
(1486, 142),
(1487, 142),
(1488, 142),
(1489, 142),
(1490, 142),
(1491, 142),
(1492, 142),
(1493, 142),
(1494, 142),
(1495, 142),
(1496, 142),
(1497, 142),
(1499, 142),
(1500, 142),
(1501, 139),
(1501, 142),
(1502, 139),
(1502, 142),
(1503, 143),
(1503, 144),
(1504, 143),
(1504, 144),
(1505, 143),
(1505, 144),
(1506, 143),
(1506, 144),
(1507, 143),
(1507, 144),
(1508, 143),
(1508, 144),
(1509, 144),
(1510, 144),
(1511, 143),
(1511, 144),
(1512, 143),
(1512, 144),
(1513, 143),
(1513, 144),
(1514, 143),
(1514, 144),
(1515, 143),
(1515, 144),
(1516, 143),
(1516, 144),
(1517, 143),
(1517, 144),
(1518, 143),
(1518, 144),
(1519, 143),
(1519, 144),
(1520, 143),
(1520, 144),
(1521, 143),
(1521, 144),
(1522, 143),
(1522, 144),
(1523, 143),
(1523, 144),
(1524, 143),
(1524, 144),
(1525, 143),
(1526, 143),
(1527, 143),
(1528, 143),
(1529, 143),
(1530, 143),
(1531, 143),
(1532, 143),
(1533, 143),
(1534, 143),
(1535, 143),
(1536, 143),
(1537, 143),
(1538, 143),
(1539, 143),
(1540, 143),
(1541, 143),
(1542, 143),
(1543, 143),
(1544, 143),
(1545, 143),
(1546, 143),
(1547, 143),
(1548, 143),
(1549, 143),
(1550, 143),
(1551, 143),
(1552, 143),
(1553, 143),
(1554, 143),
(1555, 144),
(1556, 144),
(1557, 144),
(1558, 144),
(1559, 144),
(1560, 144),
(1563, 145),
(1564, 145);

-- --------------------------------------------------------

--
-- Structure de la table `flashcard_vocabulary`
--

DROP TABLE IF EXISTS `flashcard_vocabulary`;
CREATE TABLE IF NOT EXISTS `flashcard_vocabulary` (
  `id` int(11) NOT NULL,
  `synonym` varchar(255) COLLATE utf8mb4_unicode_ci DEFAULT NULL,
  `antonym` varchar(255) COLLATE utf8mb4_unicode_ci DEFAULT NULL,
  PRIMARY KEY (`id`)
) ENGINE=InnoDB DEFAULT CHARSET=utf8mb4 COLLATE=utf8mb4_unicode_ci;

--
-- Déchargement des données de la table `flashcard_vocabulary`
--

INSERT INTO `flashcard_vocabulary` (`id`, `synonym`, `antonym`) VALUES
(1398, 'Synonym 0', 'Antonym 0'),
(1399, 'Synonym 0', 'Antonym 0'),
(1400, 'Synonym 1', 'Antonym 1'),
(1401, 'Synonym 1', 'Antonym 1'),
(1402, 'Synonym 2', 'Antonym 2'),
(1403, 'Synonym 3', 'Antonym 3'),
(1404, 'Synonym 4', 'Antonym 4'),
(1405, 'Synonym 4', 'Antonym 4'),
(1406, 'Synonym 5', 'Antonym 5'),
(1407, 'Synonym 5', 'Antonym 5'),
(1408, 'Synonym 6', 'Antonym 6'),
(1409, 'Synonym 7', 'Antonym 7'),
(1410, 'Synonym 7', 'Antonym 7'),
(1411, 'Synonym 8', 'Antonym 8'),
(1412, 'Synonym 9', 'Antonym 9'),
(1413, 'Synonym 9', 'Antonym 9'),
(1415, 'Synonym 10', 'Antonym 10'),
(1416, 'Synonym 11', 'Antonym 11'),
(1417, 'Synonym 11', 'Antonym 11'),
(1418, 'Synonym 12', 'Antonym 12'),
(1419, 'Synonym 13', 'Antonym 13'),
(1420, 'Synonym 13', 'Antonym 13'),
(1421, 'Synonym 14', 'Antonym 14'),
(1422, 'Synonym 15', 'Antonym 15'),
(1423, 'Synonym 16', 'Antonym 16'),
(1424, 'Synonym 16', 'Antonym 16'),
(1425, 'Synonym 17', 'Antonym 17'),
(1426, 'Synonym 17', 'Antonym 17'),
(1427, 'Synonym 18', 'Antonym 18'),
(1428, 'Synonym 18', 'Antonym 18'),
(1429, 'Synonym 19', 'Antonym 19'),
(1430, 'Synonym 19', 'Antonym 19'),
(1431, 'Synonym 20', 'Antonym 20'),
(1432, 'Synonym 21', 'Antonym 21'),
(1433, 'Synonym 22', 'Antonym 22'),
(1434, 'Synonym 22', 'Antonym 22'),
(1435, 'Synonym 23', 'Antonym 23'),
(1436, 'Synonym 24', 'Antonym 24'),
(1437, 'Synonym 24', 'Antonym 24'),
(1438, 'Synonym 25', 'Antonym 25'),
(1439, 'Synonym 25', 'Antonym 25'),
(1440, 'Synonym 26', 'Antonym 26'),
(1441, 'Synonym 27', 'Antonym 27'),
(1442, 'Synonym 28', 'Antonym 28'),
(1443, 'Synonym 29', 'Antonym 29'),
(1444, 'Synonym 30', 'Antonym 30'),
(1445, 'Synonym 30', 'Antonym 30'),
(1446, 'Synonym 31', 'Antonym 31'),
(1447, 'Synonym 31', 'Antonym 31'),
(1448, 'Synonym 32', 'Antonym 32'),
(1449, 'Synonym 32', 'Antonym 32'),
(1450, 'Synonym 33', 'Antonym 33'),
(1451, 'Synonym 34', 'Antonym 34'),
(1452, 'Synonym 35', 'Antonym 35'),
(1453, 'Synonym 35', 'Antonym 35'),
(1454, 'Synonym 36', 'Antonym 36'),
(1455, 'Synonym 36', 'Antonym 36'),
(1456, 'Synonym 37', 'Antonym 37'),
(1457, 'Synonym 38', 'Antonym 38'),
(1458, 'Synonym 38', 'Antonym 38'),
(1459, 'Synonym 39', 'Antonym 39'),
(1460, 'Synonym 40', 'Antonym 40'),
(1461, 'Synonym 40', 'Antonym 40'),
(1462, 'Synonym 41', 'Antonym 41'),
(1463, 'Synonym 41', 'Antonym 41'),
(1464, 'Synonym 42', 'Antonym 42'),
(1465, 'Synonym 43', 'Antonym 43'),
(1466, 'Synonym 43', 'Antonym 43'),
(1467, 'Synonym 44', 'Antonym 44'),
(1468, 'Synonym 45', 'Antonym 45'),
(1469, 'Synonym 45', 'Antonym 45'),
(1470, 'Synonym 46', 'Antonym 46'),
(1471, 'Synonym 47', 'Antonym 47'),
(1472, 'Synonym 47', 'Antonym 47'),
(1473, 'Synonym 48', 'Antonym 48'),
(1474, 'Synonym 48', 'Antonym 48'),
(1475, 'Synonym 49', 'Antonym 49'),
(1487, '', ''),
(1488, '', ''),
(1494, 'f', 'f'),
(1495, 'f', 'f'),
(1505, 'Synonyme', 'Antonyme'),
(1506, 'Synonyme', 'Antonyme'),
(1525, 'とても,かなり', ''),
(1526, 'とても,かなり', ''),
(1527, ' 妙 (みょう), 変 (へん)', NULL),
(1528, ' 妙 (みょう), 変 (へん)', NULL),
(1529, NULL, NULL),
(1530, NULL, NULL),
(1531, NULL, ' 光る (ひかる)'),
(1532, NULL, ' 光る (ひかる)'),
(1533, '', ''),
(1534, '', ''),
(1539, '', ''),
(1540, '', ''),
(1543, 'Vocab s', 'Vocab a'),
(1544, 'Vocab s', 'Vocab a'),
(1553, 'pj', 'rji'),
(1554, 'pj', 'rji'),
(1557, 'no', 'noj '),
(1558, 'no', 'noj '),
(1563, 'x', 'x'),
(1564, 'x', 'x');

-- --------------------------------------------------------

--
-- Structure de la table `review`
--

DROP TABLE IF EXISTS `review`;
CREATE TABLE IF NOT EXISTS `review` (
  `id` int(11) NOT NULL AUTO_INCREMENT,
  `flashcard_id` int(11) NOT NULL,
  `user_id` int(11) NOT NULL,
  `reviewed_at` datetime NOT NULL COMMENT '(DC2Type:datetime_immutable)',
  `known_level` int(11) NOT NULL,
  `ease_factor` decimal(4,2) NOT NULL,
  `interval_review` decimal(5,2) NOT NULL,
  `score` smallint(6) NOT NULL,
  PRIMARY KEY (`id`),
  KEY `IDX_794381C6C5D16576` (`flashcard_id`),
  KEY `IDX_794381C6A76ED395` (`user_id`)
) ENGINE=InnoDB AUTO_INCREMENT=744 DEFAULT CHARSET=utf8mb4 COLLATE=utf8mb4_unicode_ci;

--
-- Déchargement des données de la table `review`
--

INSERT INTO `review` (`id`, `flashcard_id`, `user_id`, `reviewed_at`, `known_level`, `ease_factor`, `interval_review`, `score`) VALUES
(547, 1446, 131, '2020-10-05 00:00:00', 24, '1.37', '328.76', 2),
(548, 1408, 137, '2004-12-09 00:00:00', 22, '1.78', '41.83', 1),
(549, 1431, 129, '2006-11-23 00:00:00', 4, '1.65', '269.42', 3),
(550, 1381, 141, '2001-02-19 00:00:00', 8, '2.40', '142.50', 2),
(551, 1305, 127, '2014-04-03 00:00:00', 6, '1.32', '164.01', 1),
(552, 1329, 124, '2018-08-28 00:00:00', 13, '1.81', '119.56', 3),
(553, 1321, 125, '2014-05-26 00:00:00', 20, '2.31', '194.11', 1),
(554, 1330, 130, '2002-10-06 00:00:00', 22, '2.23', '176.34', 2),
(555, 1272, 139, '2020-06-02 00:00:00', 18, '2.10', '122.51', 1),
(556, 1369, 138, '2017-01-10 00:00:00', 15, '2.27', '153.81', 0),
(557, 1322, 129, '2010-05-10 00:00:00', 17, '2.32', '290.28', 4),
(558, 1352, 134, '2021-11-23 00:00:00', 20, '1.68', '30.48', 3),
(559, 1286, 130, '2001-06-11 00:00:00', 30, '2.34', '152.51', 2),
(560, 1282, 138, '2023-11-12 00:00:00', 24, '1.65', '291.36', 5),
(561, 1332, 123, '2004-09-18 00:00:00', 6, '2.30', '22.31', 0),
(562, 1313, 134, '2008-06-08 00:00:00', 0, '2.11', '162.11', 4),
(563, 1444, 141, '2012-10-20 00:00:00', 6, '2.40', '164.26', 0),
(564, 1344, 129, '2022-08-09 00:00:00', 23, '2.48', '121.88', 4),
(565, 1334, 130, '2023-07-17 00:00:00', 12, '2.24', '49.48', 0),
(566, 1350, 125, '2023-07-22 00:00:00', 15, '1.41', '256.25', 0),
(567, 1297, 124, '2002-08-26 00:00:00', 2, '1.97', '301.55', 0),
(568, 1451, 140, '2022-07-27 00:00:00', 29, '1.96', '333.27', 1),
(569, 1256, 134, '2009-11-28 00:00:00', 12, '1.75', '46.51', 3),
(570, 1276, 128, '2015-05-05 00:00:00', 8, '1.75', '93.16', 2),
(571, 1278, 136, '2012-08-18 00:00:00', 8, '2.45', '228.58', 2),
(572, 1444, 141, '2008-12-03 00:00:00', 20, '1.90', '226.87', 4),
(573, 1330, 124, '2017-08-27 00:00:00', 30, '2.44', '221.64', 5),
(574, 1334, 130, '2008-04-18 00:00:00', 15, '1.79', '215.03', 2),
(575, 1438, 133, '2013-07-25 00:00:00', 14, '1.53', '25.36', 5),
(576, 1315, 123, '2010-05-21 00:00:00', 27, '2.08', '345.26', 1),
(577, 1473, 141, '2002-05-18 00:00:00', 9, '2.41', '329.67', 1),
(578, 1269, 123, '2021-03-02 00:00:00', 22, '1.83', '347.15', 1),
(580, 1355, 136, '2012-07-28 00:00:00', 22, '2.05', '301.02', 2),
(581, 1329, 124, '2001-09-20 00:00:00', 7, '2.05', '207.51', 3),
(582, 1458, 140, '2009-12-11 00:00:00', 19, '1.35', '159.31', 5),
(583, 1391, 123, '2012-05-27 00:00:00', 26, '1.67', '85.04', 4),
(584, 1471, 127, '2012-12-02 00:00:00', 3, '1.76', '134.92', 2),
(585, 1266, 137, '2003-07-13 00:00:00', 17, '2.01', '206.82', 2),
(586, 1417, 141, '2015-04-18 00:00:00', 5, '2.35', '88.88', 1),
(587, 1345, 127, '2021-07-12 00:00:00', 1, '1.67', '187.79', 4),
(589, 1265, 137, '2009-09-07 00:00:00', 5, '1.52', '278.33', 4),
(590, 1442, 127, '2021-12-27 00:00:00', 26, '2.15', '164.93', 5),
(591, 1254, 130, '2002-02-24 00:00:00', 8, '1.34', '218.20', 1),
(592, 1295, 138, '2023-05-06 00:00:00', 14, '2.48', '299.85', 0),
(593, 1332, 130, '2023-04-26 00:00:00', 11, '2.17', '285.48', 4),
(594, 1408, 130, '2004-05-13 00:00:00', 27, '1.50', '252.20', 3),
(595, 1344, 129, '2009-10-03 00:00:00', 11, '2.03', '271.58', 4),
(596, 1331, 130, '2005-03-27 00:00:00', 25, '1.49', '277.96', 0),
(597, 1307, 135, '2023-02-14 00:00:00', 7, '2.19', '260.21', 1),
(598, 1296, 124, '2002-01-28 00:00:00', 7, '1.41', '276.71', 2),
(599, 1470, 130, '2021-12-06 00:00:00', 14, '2.07', '343.76', 2),
(600, 1273, 133, '2020-03-10 00:00:00', 7, '1.84', '80.52', 4),
(601, 1303, 127, '2021-05-26 00:00:00', 5, '1.61', '177.43', 1),
(602, 1257, 123, '2005-08-06 00:00:00', 29, '1.46', '231.96', 1),
(604, 1369, 123, '2009-01-09 00:00:00', 8, '1.96', '354.27', 5),
(605, 1353, 134, '2023-03-06 00:00:00', 1, '1.60', '98.42', 5),
(606, 1332, 130, '2019-02-03 00:00:00', 14, '2.08', '14.17', 3),
(607, 1381, 141, '2007-09-26 00:00:00', 8, '2.42', '352.63', 3),
(608, 1398, 130, '2007-02-11 00:00:00', 12, '2.43', '268.37', 5),
(609, 1426, 139, '2018-09-10 00:00:00', 0, '2.46', '223.50', 3),
(610, 1321, 125, '2000-06-26 00:00:00', 24, '2.47', '44.12', 1),
(611, 1381, 141, '2016-11-14 00:00:00', 13, '2.43', '118.78', 1),
(612, 1292, 130, '2019-07-03 00:00:00', 21, '2.27', '265.89', 2),
(613, 1339, 124, '2005-04-27 00:00:00', 0, '2.25', '70.31', 3),
(614, 1421, 141, '2016-08-22 00:00:00', 9, '1.38', '287.73', 3),
(615, 1391, 131, '2023-04-24 00:00:00', 27, '2.26', '297.50', 4),
(616, 1371, 123, '2012-01-24 00:00:00', 10, '1.63', '51.85', 4),
(617, 1458, 140, '2012-09-20 00:00:00', 28, '1.88', '2.93', 4),
(618, 1447, 131, '2006-10-11 00:00:00', 4, '2.03', '124.66', 4),
(619, 1400, 128, '2007-07-25 00:00:00', 28, '2.09', '59.47', 3),
(620, 1320, 133, '2005-01-05 00:00:00', 5, '1.83', '243.09', 2),
(621, 1348, 140, '2004-02-27 00:00:00', 10, '2.45', '163.66', 4),
(622, 1304, 130, '2012-06-26 00:00:00', 2, '1.49', '305.46', 2),
(623, 1373, 129, '2014-02-14 00:00:00', 27, '1.99', '43.69', 1),
(624, 1354, 130, '2014-09-02 00:00:00', 27, '2.01', '7.71', 4),
(625, 1309, 139, '2004-06-11 00:00:00', 0, '1.82', '247.34', 0),
(626, 1396, 136, '2005-10-09 00:00:00', 23, '2.43', '288.30', 5),
(627, 1289, 141, '2018-06-04 00:00:00', 8, '2.38', '99.13', 0),
(628, 1399, 130, '2004-06-05 00:00:00', 23, '1.50', '72.29', 0),
(629, 1316, 142, '2005-08-25 00:00:00', 7, '2.36', '8.05', 5),
(630, 1415, 129, '2002-08-15 00:00:00', 23, '1.32', '143.67', 0),
(631, 1362, 130, '2016-01-04 00:00:00', 21, '2.48', '46.46', 1),
(632, 1258, 123, '2018-04-09 00:00:00', 25, '2.47', '279.57', 1),
(633, 1442, 133, '2010-06-26 00:00:00', 10, '1.98', '7.03', 2),
(634, 1396, 135, '2023-06-11 00:00:00', 30, '2.41', '27.60', 5),
(635, 1406, 129, '2005-03-17 00:00:00', 23, '1.32', '142.32', 1),
(636, 1310, 123, '2010-02-18 00:00:00', 11, '1.96', '144.13', 5),
(637, 1450, 140, '2013-12-15 00:00:00', 21, '2.10', '129.14', 3),
(638, 1405, 126, '2022-10-07 00:00:00', 28, '2.09', '96.49', 4),
(639, 1471, 127, '2007-06-09 00:00:00', 16, '1.77', '344.25', 0),
(640, 1375, 136, '2002-06-14 00:00:00', 8, '2.25', '72.39', 4),
(641, 1322, 129, '2023-01-19 00:00:00', 15, '1.82', '283.07', 1),
(642, 1256, 134, '2001-01-09 00:00:00', 3, '2.50', '45.99', 4),
(643, 1374, 139, '2005-08-14 00:00:00', 28, '1.37', '238.29', 5),
(644, 1392, 127, '2019-09-24 00:00:00', 14, '2.39', '39.05', 1),
(646, 1270, 127, '2010-11-22 00:00:00', 28, '2.41', '273.62', 2),
(648, 1435, 142, '2023-10-08 21:06:57', 0, '2.50', '0.02', 2),
(649, 1496, 142, '2023-10-09 09:53:28', 0, '2.50', '0.02', 1),
(650, 1493, 142, '2023-10-09 09:53:31', 0, '2.50', '0.02', 1),
(651, 1497, 142, '2023-10-09 09:53:33', 0, '2.50', '0.02', 1),
(653, 1494, 142, '2023-10-09 09:53:41', 0, '2.50', '0.02', 1),
(654, 1495, 142, '2023-10-09 09:53:44', 0, '2.50', '0.02', 1),
(655, 1502, 139, '2023-10-09 10:15:50', 0, '2.50', '0.02', 2),
(656, 1501, 139, '2023-10-09 10:15:54', 0, '2.50', '0.02', 2),
(657, 1508, 143, '2023-10-09 10:21:43', 1, '2.50', '0.02', 3),
(658, 1505, 143, '2023-10-09 10:21:46', 1, '2.50', '0.02', 3),
(659, 1504, 143, '2023-10-09 10:21:52', 2, '2.50', '0.51', 3),
(660, 1506, 143, '2023-10-09 10:21:54', 1, '2.50', '0.02', 3),
(661, 1503, 143, '2023-10-09 10:21:56', 1, '2.50', '0.02', 3),
(662, 1507, 143, '2023-10-09 10:21:58', 2, '2.50', '0.51', 3),
(663, 1504, 144, '2023-10-09 10:44:50', 0, '2.50', '0.02', 2),
(664, 1506, 144, '2023-10-09 10:44:51', 1, '2.50', '0.02', 5),
(665, 1503, 144, '2023-10-09 10:44:53', 1, '2.50', '0.02', 4),
(666, 1507, 144, '2023-10-09 10:44:54', 1, '2.50', '0.02', 4),
(667, 1508, 144, '2023-10-09 10:44:55', 1, '2.50', '0.02', 4),
(668, 1505, 144, '2023-10-09 10:44:58', 2, '2.50', '0.51', 4),
(669, 1519, 143, '2023-10-10 07:44:19', 10, '2.50', '0.52', 3),
(670, 1512, 143, '2023-10-10 07:43:54', 5, '2.50', '0.51', 4),
(671, 1513, 143, '2023-10-09 15:24:27', 2, '2.50', '0.51', 3),
(672, 1517, 143, '2023-10-10 14:35:06', 4, '2.50', '1.02', 3),
(673, 1526, 143, '2023-10-10 07:48:12', 2, '2.50', '0.51', 3),
(674, 1528, 143, '2023-10-10 07:48:13', 2, '2.50', '0.51', 3),
(675, 1531, 143, '2023-10-09 15:25:18', 2, '2.50', '0.52', 4),
(676, 1530, 143, '2023-10-09 15:25:15', 2, '2.50', '0.51', 4),
(677, 1532, 143, '2023-10-09 15:25:17', 2, '2.50', '0.51', 4),
(678, 1527, 143, '2023-10-09 15:25:22', 3, '2.50', '1.03', 4),
(679, 1525, 143, '2023-10-10 07:48:15', 3, '2.50', '1.03', 3),
(680, 1529, 143, '2023-10-10 14:35:14', 5, '2.50', '1.01', 3),
(681, 1533, 143, '2023-10-09 15:25:45', 2, '2.50', '0.51', 3),
(682, 1537, 143, '2023-10-09 15:25:42', 3, '2.50', '1.03', 4),
(683, 1535, 143, '2023-10-10 14:35:23', 3, '2.50', '1.02', 4),
(684, 1540, 143, '2023-10-10 07:48:26', 3, '2.50', '1.02', 3),
(685, 1536, 143, '2023-10-09 15:25:36', 2, '2.50', '0.52', 5),
(686, 1538, 143, '2023-10-10 14:35:25', 4, '2.50', '1.04', 4),
(687, 1534, 143, '2023-10-10 07:48:23', 3, '2.50', '1.05', 3),
(688, 1539, 143, '2023-10-10 14:35:20', 10, '2.50', '1.01', 4),
(689, 1520, 143, '2023-10-09 15:24:39', 2, '2.50', '0.51', 3),
(690, 1516, 143, '2023-10-09 15:24:36', 3, '2.50', '1.01', 3),
(691, 1521, 143, '2023-10-10 07:43:52', 2, '2.50', '0.50', 3),
(692, 1524, 143, '2023-10-10 14:35:05', 3, '2.50', '1.00', 3),
(693, 1514, 143, '2023-10-09 15:24:23', 2, '2.50', '0.52', 3),
(694, 1511, 143, '2023-10-10 07:44:23', 2, '2.50', '0.50', 3),
(695, 1522, 143, '2023-10-10 08:46:18', 10, '2.50', '0.52', 3),
(696, 1523, 143, '2023-10-10 14:35:09', 4, '2.50', '1.03', 3),
(697, 1518, 143, '2023-10-10 07:45:39', 3, '2.50', '1.04', 3),
(698, 1515, 143, '2023-10-10 08:46:10', 2, '2.50', '0.51', 3),
(704, 1524, 144, '2023-10-10 08:45:24', 2, '2.50', '0.52', 3),
(705, 1521, 144, '2023-10-10 08:45:22', 2, '2.50', '0.50', 3),
(706, 1514, 144, '2023-10-10 08:45:26', 1, '2.50', '0.02', 3),
(707, 1515, 144, '2023-10-10 08:45:29', 2, '2.50', '0.50', 3),
(708, 1520, 144, '2023-10-10 08:45:30', 2, '2.50', '0.51', 3),
(709, 1513, 144, '2023-10-10 08:45:36', 2, '2.50', '0.52', 3),
(710, 1519, 144, '2023-10-10 08:45:18', 1, '2.50', '0.02', 3),
(711, 1516, 144, '2023-10-10 08:45:33', 1, '2.50', '0.02', 3),
(712, 1518, 144, '2023-10-10 08:45:20', 2, '2.50', '0.51', 3),
(713, 1511, 144, '2023-10-10 08:45:32', 2, '2.50', '0.51', 3),
(714, 1522, 144, '2023-10-10 08:45:35', 2, '2.50', '0.50', 3),
(715, 1523, 144, '2023-10-10 08:45:27', 2, '2.50', '0.52', 3),
(716, 1517, 144, '2023-10-10 07:47:22', 2, '2.50', '0.51', 3),
(717, 1512, 144, '2023-10-10 07:47:24', 2, '2.50', '0.51', 3),
(718, 1541, 143, '2023-10-10 07:51:15', 2, '2.50', '0.51', 3),
(719, 1546, 143, '2023-10-10 07:51:44', 2, '2.50', '0.52', 3),
(720, 1545, 143, '2023-10-10 07:51:19', 4, '2.50', '0.51', 3),
(721, 1544, 143, '2023-10-10 07:51:16', 2, '2.50', '0.51', 3),
(722, 1543, 143, '2023-10-10 07:51:12', 10, '2.50', '0.51', 3),
(723, 1542, 143, '2023-10-10 07:51:02', 2, '2.50', '0.50', 3),
(724, 1547, 143, '2023-10-10 07:55:10', 2, '2.50', '0.52', 3),
(725, 1548, 143, '2023-10-10 08:00:08', 2, '2.50', '0.50', 3),
(726, 1549, 143, '2023-10-10 08:02:02', 2, '2.50', '0.50', 3),
(727, 1550, 143, '2023-10-10 08:03:09', 2, '2.50', '0.50', 4),
(728, 1551, 143, '2023-10-10 08:04:03', 1, '2.50', '0.02', 3),
(729, 1552, 143, '2023-10-10 08:05:06', 1, '2.50', '0.02', 4),
(730, 1553, 143, '2023-10-10 08:05:00', 1, '2.50', '0.02', 3),
(731, 1554, 143, '2023-10-10 08:05:02', 0, '2.50', '0.02', 1),
(738, 1555, 144, '2023-10-10 08:16:13', 2, '2.50', '0.52', 3),
(739, 1558, 144, '2023-10-10 08:16:12', 2, '2.50', '0.52', 3),
(740, 1556, 144, '2023-10-10 08:44:51', 2, '2.50', '0.52', 3),
(741, 1559, 144, '2023-10-10 08:48:41', 2, '2.50', '0.51', 3),
(742, 1557, 144, '2023-10-10 08:44:56', 2, '2.50', '0.51', 3),
(743, 1560, 144, '2023-10-10 08:48:43', 2, '2.50', '0.51', 3);

-- --------------------------------------------------------

--
-- Structure de la table `user`
--

DROP TABLE IF EXISTS `user`;
CREATE TABLE IF NOT EXISTS `user` (
  `id` int(11) NOT NULL AUTO_INCREMENT,
  `email` varchar(180) COLLATE utf8mb4_unicode_ci NOT NULL,
  `roles` json NOT NULL,
  `password` varchar(255) COLLATE utf8mb4_unicode_ci NOT NULL,
  `pseudo` varchar(40) COLLATE utf8mb4_unicode_ci NOT NULL,
  `registered_at` date NOT NULL COMMENT '(DC2Type:date_immutable)',
  PRIMARY KEY (`id`),
  UNIQUE KEY `UNIQ_8D93D649E7927C74` (`email`)
) ENGINE=InnoDB AUTO_INCREMENT=146 DEFAULT CHARSET=utf8mb4 COLLATE=utf8mb4_unicode_ci;

--
-- Déchargement des données de la table `user`
--

INSERT INTO `user` (`id`, `email`, `roles`, `password`, `pseudo`, `registered_at`) VALUES
(123, 'user0@jpflashcardapi.com', '[\"ROLE_USER\"]', '$2y$13$EjNUHu5GYFgbvx.p6qBvcOKi.4gVo8MIEqZ6/V2Zx8XOp27Dr5en6', 'User0', '2023-10-07'),
(124, 'user1@jpflashcardapi.com', '[\"ROLE_USER\"]', '$2y$13$Vi07FmiDz0TZwRYadbhlZ.9zb3hAZQ7Gq8.r7AeTNANzl3rbyxoma', 'User1', '2023-10-07'),
(125, 'user2@jpflashcardapi.com', '[\"ROLE_USER\"]', '$2y$13$2ZXyhbueX.ahFg4r2U8siuNSu6CtStPYhYEJLh7nzjDjY9qDYIHw.', 'User2', '2023-10-07'),
(126, 'user3@jpflashcardapi.com', '[\"ROLE_USER\"]', '$2y$13$XquQF3Rlfc3g2pSPu/B9/.M88eNSJdwDANEuFJIf2.5n5DHY0iA2a', 'User3', '2023-10-07'),
(127, 'user4@jpflashcardapi.com', '[\"ROLE_USER\"]', '$2y$13$0VJFR7dbaheuZc.suY35mu1Fj8McvNqRkLHaslT6V/lRBbUMS6Rpy', 'User4', '2023-10-07'),
(128, 'user5@jpflashcardapi.com', '[\"ROLE_USER\"]', '$2y$13$kdULQNEMraC4PUwbl5MWzOoE2nrQfVgbFJha0IxKqNHYL60IHR60a', 'User5', '2023-10-07'),
(129, 'user6@jpflashcardapi.com', '[\"ROLE_USER\"]', '$2y$13$TQdkpn1mHSc2gdRzwGr52.lbgAkfjAO4PMS9iKopsSYvdLwqvijjK', 'User6', '2023-10-07'),
(130, 'user7@jpflashcardapi.com', '[\"ROLE_USER\"]', '$2y$13$EO.QXgYmYxHWKTijD6ZGke8LT1RfzGXxlnC.z4XJxA0YcNLQf71fO', 'User7', '2023-10-07'),
(131, 'user8@jpflashcardapi.com', '[\"ROLE_USER\"]', '$2y$13$nzBG4WG4VA2FW9nuwACQyefUJwMgKUgesIF8ENM.OmAbW5.aOfZqi', 'User8', '2023-10-07'),
(132, 'user9@jpflashcardapi.com', '[\"ROLE_USER\"]', '$2y$13$TVDguFaeER3iegyYeNRfnOJ5487rY4gtRzM4lPW133xiZDr0cRDHi', 'User9', '2023-10-07'),
(133, 'user10@jpflashcardapi.com', '[\"ROLE_USER\"]', '$2y$13$SfKMEYB5xxwO.ufu3FrVrerG4k4YcWrO8lEsDjgxpA2sRZa3bpW9.', 'User10', '2023-10-07'),
(134, 'user11@jpflashcardapi.com', '[\"ROLE_USER\"]', '$2y$13$AvcQGwOSAuIfioV1tgs6K.oRzBkrm3VT3H6xk/zMixVACRNVchiSi', 'User11', '2023-10-07'),
(135, 'user12@jpflashcardapi.com', '[\"ROLE_USER\"]', '$2y$13$WN0Co9UmJ5wPri3Mh855Num55JRr.AaEG5u8MFCTCgJaf59J.iCIe', 'User12', '2023-10-07'),
(136, 'user13@jpflashcardapi.com', '[\"ROLE_USER\"]', '$2y$13$Tq.jKmzoGXRuwAoDVL9oEOU97vIPgMVBGTDi6gtQE8VO6GpWOzFK2', 'User13', '2023-10-07'),
(137, 'user14@jpflashcardapi.com', '[\"ROLE_USER\"]', '$2y$13$u1bzg1MJqwWKhSVO6mLWJuD8sHl0VwlhKOXjPO6FYaniQyNri96Bm', 'User14', '2023-10-07'),
(138, 'user15@jpflashcardapi.com', '[\"ROLE_USER\"]', '$2y$13$tR7qy09XhrKDOKx/5WUC0e6Ybfnpo4o9xqwA7ib.IHAnOJm1OQmbq', 'User15', '2023-10-07'),
(139, 'user16@jpflashcardapi.com', '[\"ROLE_USER\"]', '$2y$13$VGhM3jlW98ofJInvqXyc2OWsZtmaLNOrxXW/xMfUZWWMemI8lrCDK', 'User16', '2023-10-07'),
(140, 'user17@jpflashcardapi.com', '[\"ROLE_USER\"]', '$2y$13$NrfQrOl.5kV4enW4a2XBN.mUxPWblWeAllvcwFSGQHSfleVWPVymW', 'User17', '2023-10-07'),
(141, 'user18@jpflashcardapi.com', '[\"ROLE_USER\"]', '$2y$13$h9S6MnOQ8jw/3jwKzjlKG.fxjgvGApFl/kULRuHr7229nFFhfs98q', 'User18', '2023-10-07'),
(142, 'user19@jpflashcardapi.com', '[\"ROLE_USER\"]', '$2y$13$owSuMiFqmUFtYMXlamxAmuGtkcUepXH/2W5.2IDEJwM0wXG1PNTXG', 'User19', '2023-10-07'),
(143, 'riri@mail.fr', '[\"ROLE_USER\"]', '$2y$13$..lfuRUO3w0GvDcfUt4BmuFhlxOw3sOiK54RaovR1YfrOwau2Xitm', 'Riri', '2023-10-09'),
(144, 'loulou@mail.fr', '[\"ROLE_USER\"]', '$2y$13$ialNZUQmE/Tw1it6WVAJs.47vfA2ZUr3UCIGI4K8BYxuE65GzlpxO', 'Loulou', '2023-10-09'),
(145, 'fifi@mail.fr', '[\"ROLE_USER\"]', '$2y$13$jtqd89Xkouu19DMFUrtZXOSW90eKEgcese08cjvD9K5ifWg1ZNyKC', 'Fifi', '2023-10-10');

--
-- Contraintes pour les tables déchargées
--

--
-- Contraintes pour la table `daily_stats`
--
ALTER TABLE `daily_stats`
  ADD CONSTRAINT `FK_D766067E111948DC` FOREIGN KEY (`deck_id`) REFERENCES `deck` (`id`);

--
-- Contraintes pour la table `deck`
--
ALTER TABLE `deck`
  ADD CONSTRAINT `FK_4FAC3637A76ED395` FOREIGN KEY (`user_id`) REFERENCES `user` (`id`);

--
-- Contraintes pour la table `flashcard_deck`
--
ALTER TABLE `flashcard_deck`
  ADD CONSTRAINT `FK_627CAED7111948DC` FOREIGN KEY (`deck_id`) REFERENCES `deck` (`id`) ON DELETE CASCADE,
  ADD CONSTRAINT `FK_627CAED7C5D16576` FOREIGN KEY (`flashcard_id`) REFERENCES `flashcard` (`id`) ON DELETE CASCADE;

--
-- Contraintes pour la table `flashcard_grammar`
--
ALTER TABLE `flashcard_grammar`
  ADD CONSTRAINT `FK_ECC26032BF396750` FOREIGN KEY (`id`) REFERENCES `flashcard` (`id`) ON DELETE CASCADE;

--
-- Contraintes pour la table `flashcard_kanji`
--
ALTER TABLE `flashcard_kanji`
  ADD CONSTRAINT `FK_E248AF3CBF396750` FOREIGN KEY (`id`) REFERENCES `flashcard` (`id`) ON DELETE CASCADE;

--
-- Contraintes pour la table `flashcard_modification`
--
ALTER TABLE `flashcard_modification`
  ADD CONSTRAINT `FK_9BFCCF72111948DC` FOREIGN KEY (`deck_id`) REFERENCES `deck` (`id`),
  ADD CONSTRAINT `FK_9BFCCF72A76ED395` FOREIGN KEY (`user_id`) REFERENCES `user` (`id`),
  ADD CONSTRAINT `FK_9BFCCF72C5D16576` FOREIGN KEY (`flashcard_id`) REFERENCES `flashcard` (`id`);

--
-- Contraintes pour la table `flashcard_user`
--
ALTER TABLE `flashcard_user`
  ADD CONSTRAINT `FK_A0434EA9A76ED395` FOREIGN KEY (`user_id`) REFERENCES `user` (`id`) ON DELETE CASCADE,
  ADD CONSTRAINT `FK_A0434EA9C5D16576` FOREIGN KEY (`flashcard_id`) REFERENCES `flashcard` (`id`) ON DELETE CASCADE;

--
-- Contraintes pour la table `flashcard_vocabulary`
--
ALTER TABLE `flashcard_vocabulary`
  ADD CONSTRAINT `FK_716AD202BF396750` FOREIGN KEY (`id`) REFERENCES `flashcard` (`id`) ON DELETE CASCADE;

--
-- Contraintes pour la table `review`
--
ALTER TABLE `review`
  ADD CONSTRAINT `FK_794381C6A76ED395` FOREIGN KEY (`user_id`) REFERENCES `user` (`id`),
  ADD CONSTRAINT `FK_794381C6C5D16576` FOREIGN KEY (`flashcard_id`) REFERENCES `flashcard` (`id`);
COMMIT;

/*!40101 SET CHARACTER_SET_CLIENT=@OLD_CHARACTER_SET_CLIENT */;
/*!40101 SET CHARACTER_SET_RESULTS=@OLD_CHARACTER_SET_RESULTS */;
/*!40101 SET COLLATION_CONNECTION=@OLD_COLLATION_CONNECTION */;
